source_id,dataset_name,ministry_name,department_name,official_source_url,data_period,source_updated_date,downloaded_date,original_file_name,file_format,description,notes
SRC-9928,PMAY-G Housing Progress & Expenditure Report,Ministry of Rural Development,Department of Rural Development,https://data.gov.in/dataset/pmayg-progress-report/src-9928,FY 2023-24,2023-03-13,2023-04-06,PMGSY_Physical_Financial_Progress.xlsx,PDF,"Contains project progress, housing sanctions, road length completed, and fund allocations across rural districts.",Extracted from central OMMS portal.
SRC-6881,National Highways Infrastructure Development Progress,Ministry of Road Transport and Highways,Department of Road Transport and Highways,https://morth.nic.in/dataset/highway_construction/src-6881,FY 2022-23,2023-02-17,2023-02-24,MoRTH_Project_Status_Report.pdf,XLSX,"National highway expansion, land acquisition status, budget releases, and physical completion metrics.",Includes CAG audit status notes.
SRC-1750,PM-KISAN Disbursement Register & Beneficiary Coverage,Ministry of Agriculture,Department of Agriculture,https://pmkisan.gov.in/data/disbursement_register/src-1750,FY 2022-23,2023-04-23,2023-05-08,PMKISAN_Farmer_Disbursements.xlsx,JSON,"Direct benefit transfer (DBT) records, farmer enrollment counts, and financial year disbursements.",Audited financial dataset.
SRC-9751,Poshan Abhiyaan Child Nutrition & Anganwadi Infrastructure,Ministry of Women and Child Development,Department of Women and Child Development,https://poshanabhiyaan.gov.in/reports/nutrition_tracker/src-9751,FY 2023-24,2023-05-23,2023-05-28,Poshan_Tracker_Anganwadi_Metrics.pdf,CSV,"Anganwadi center infrastructure, nutrition status tracking, and target beneficiary coverage.",Quarterly district summary.
SRC-2084,Poshan Abhiyaan Child Nutrition & Anganwadi Infrastructure,Ministry of Women and Child Development,Department of Women and Child Development,https://poshanabhiyaan.gov.in/reports/nutrition_tracker/src-2084,FY 2021-22,2023-02-19,2023-03-03,Poshan_Tracker_Anganwadi_Metrics.pdf,PDF,"Anganwadi center infrastructure, nutrition status tracking, and target beneficiary coverage.",Quarterly district summary.
SRC-6930,Jal Jeevan Mission Tap Connection & Outlay Dataset,Ministry of Jal Shakti,Department of Drinking Water and Sanitation,https://ejalshakti.gov.in/jjmreport/water_coverage/src-6930,FY 2021-22,2024-05-13,2024-06-12,JJM_Village_Tap_Coverage.csv,XLSX,"Includes village-level household tap water connections, infrastructure status, and fund releases.",Raw data API dump from JJM Dashboard.
SRC-1188,Jal Jeevan Mission Tap Connection & Outlay Dataset,Ministry of Jal Shakti,Department of Drinking Water and Sanitation,https://ejalshakti.gov.in/jjmreport/water_coverage/src-1188,FY 2022-23,2023-12-27,2023-12-30,JJM_District_Financial_Outlays.xlsx,XLSX,"Includes village-level household tap water connections, infrastructure status, and fund releases.",Raw data API dump from JJM Dashboard.
SRC-9317,Poshan Abhiyaan Child Nutrition & Anganwadi Infrastructure,Ministry of Women and Child Development,Department of Women and Child Development,https://poshanabhiyaan.gov.in/reports/nutrition_tracker/src-9317,FY 2023-24,2024-03-19,2024-03-23,MWCD_Scheme_Monitoring_Data.csv,PDF,"Anganwadi center infrastructure, nutrition status tracking, and target beneficiary coverage.",Scraped from Poshan Tracker dashboard.
SRC-4946,PM-POSHAN School Kitchen Infrastructure & Coverage Dataset,Ministry of Education,Department of School Education and Literacy,https://pmposhan.education.gov.in/reports/kitchen_infra/src-4946,FY 2021-22,2023-07-09,2023-07-21,PM_POSHAN_Coverage_Metrics.csv,CSV,"Details school kitchen construction, meal distribution reach, and central/state fund utilization.",Aggregated from UDISE+ school reporting portal.
SRC-6107,PM-POSHAN School Kitchen Infrastructure & Coverage Dataset,Ministry of Education,Department of School Education and Literacy,https://pmposhan.education.gov.in/reports/kitchen_infra/src-6107,FY 2021-22,2023-03-25,2023-04-09,PMPOSHAN_Kitchen_Assets.xlsx,XLSX,"Details school kitchen construction, meal distribution reach, and central/state fund utilization.",Aggregated from UDISE+ school reporting portal.
SRC-2160,National Highways Infrastructure Development Progress,Ministry of Road Transport and Highways,Department of Road Transport and Highways,https://morth.nic.in/dataset/highway_construction/src-2160,FY 2022-23,2023-04-28,2023-05-25,NHDP_Highway_Corridor_Progress.xlsx,PDF,"National highway expansion, land acquisition status, budget releases, and physical completion metrics.",Includes CAG audit status notes.
SRC-8651,PM-POSHAN School Kitchen Infrastructure & Coverage Dataset,Ministry of Education,Department of School Education and Literacy,https://pmposhan.education.gov.in/reports/kitchen_infra/src-8651,FY 2022-23,2023-04-19,2023-05-19,PM_POSHAN_Coverage_Metrics.csv,CSV,"Details school kitchen construction, meal distribution reach, and central/state fund utilization.",Aggregated from UDISE+ school reporting portal.
SRC-8260,PM-KISAN Disbursement Register & Beneficiary Coverage,Ministry of Agriculture,Department of Agriculture,https://pmkisan.gov.in/data/disbursement_register/src-8260,FY 2023-24,2023-03-15,2023-03-24,PMKISAN_District_Coverage.csv,CSV,"Direct benefit transfer (DBT) records, farmer enrollment counts, and financial year disbursements.",Audited financial dataset.
SRC-7396,PM-KISAN Disbursement Register & Beneficiary Coverage,Ministry of Agriculture,Department of Agriculture,https://pmkisan.gov.in/data/disbursement_register/src-7396,FY 2021-22,2024-04-04,2024-04-23,PMKISAN_District_Coverage.csv,JSON,"Direct benefit transfer (DBT) records, farmer enrollment counts, and financial year disbursements.",Audited financial dataset.
SRC-1936,Ayushman Bharat Health Infrastructure & Beneficiary Dataset,Ministry of Health and Family Welfare,Department of Health and Family Welfare,https://dashboard.pmjay.gov.in/reports/health_centers/src-1936,FY 2022-23,2023-02-16,2023-03-13,PMJAY_Health_Centers_Coverage.pdf,PDF,"Tracking impaneled health centers, beneficiary golden cards issued, and claim disbursements.",Validated against NHA portal records.
SRC-1651,PM-POSHAN School Kitchen Infrastructure & Coverage Dataset,Ministry of Education,Department of School Education and Literacy,https://pmposhan.education.gov.in/reports/kitchen_infra/src-1651,FY 2022-23,2023-11-02,2023-11-05,PMPOSHAN_Kitchen_Assets.xlsx,XLSX,"Details school kitchen construction, meal distribution reach, and central/state fund utilization.",Monthly coverage summary.
SRC-8508,PM-POSHAN School Kitchen Infrastructure & Coverage Dataset,Ministry of Education,Department of School Education and Literacy,https://pmposhan.education.gov.in/reports/kitchen_infra/src-8508,FY 2022-23,2023-12-15,2024-01-08,PM_POSHAN_Coverage_Metrics.csv,CSV,"Details school kitchen construction, meal distribution reach, and central/state fund utilization.",Aggregated from UDISE+ school reporting portal.
SRC-2697,PM-POSHAN School Kitchen Infrastructure & Coverage Dataset,Ministry of Education,Department of School Education and Literacy,https://pmposhan.education.gov.in/reports/kitchen_infra/src-2697,FY 2021-22,2023-08-11,2023-08-17,PM_POSHAN_Coverage_Metrics.csv,XLSX,"Details school kitchen construction, meal distribution reach, and central/state fund utilization.",Monthly coverage summary.
SRC-5533,Jal Jeevan Mission Tap Connection & Outlay Dataset,Ministry of Jal Shakti,Department of Drinking Water and Sanitation,https://ejalshakti.gov.in/jjmreport/water_coverage/src-5533,FY 2021-22,2024-03-21,2024-04-11,JJM_District_Financial_Outlays.xlsx,CSV,"Includes village-level household tap water connections, infrastructure status, and fund releases.",Raw data API dump from JJM Dashboard.
SRC-7049,PMGSY Rural Road Construction Dataset,Ministry of Rural Development,Department of Rural Development,https://data.gov.in/dataset/pmayg-progress-report/src-7049,FY 2022-23,2023-10-04,2023-10-29,PMAYG_District_Report_2024.pdf,XLSX,"Contains project progress, housing sanctions, road length completed, and fund allocations across rural districts.",Extracted from central OMMS portal.
SRC-4878,PM-POSHAN School Kitchen Infrastructure & Coverage Dataset,Ministry of Education,Department of School Education and Literacy,https://pmposhan.education.gov.in/reports/kitchen_infra/src-4878,FY 2022-23,2024-04-20,2024-05-02,PM_POSHAN_Coverage_Metrics.csv,XLSX,"Details school kitchen construction, meal distribution reach, and central/state fund utilization.",Aggregated from UDISE+ school reporting portal.
SRC-8711,PM-KISAN Disbursement Register & Beneficiary Coverage,Ministry of Agriculture,Department of Agriculture,https://pmkisan.gov.in/data/disbursement_register/src-8711,FY 2023-24,2023-02-13,2023-03-09,PMKISAN_Farmer_Disbursements.xlsx,XLSX,"Direct benefit transfer (DBT) records, farmer enrollment counts, and financial year disbursements.",DBT portal transaction logs aggregated.
SRC-9785,Jal Jeevan Mission Tap Connection & Outlay Dataset,Ministry of Jal Shakti,Department of Drinking Water and Sanitation,https://ejalshakti.gov.in/jjmreport/water_coverage/src-9785,FY 2023-24,2024-04-29,2024-05-17,JJM_Village_Tap_Coverage.csv,CSV,"Includes village-level household tap water connections, infrastructure status, and fund releases.",Harmonized state-wise pipeline records.
SRC-8144,Ayushman Bharat Health Infrastructure & Beneficiary Dataset,Ministry of Health and Family Welfare,Department of Health and Family Welfare,https://dashboard.pmjay.gov.in/reports/health_centers/src-8144,FY 2021-22,2024-01-01,2024-01-11,Ayushman_Beneficiary_Enrollments.csv,PDF,"Tracking impaneled health centers, beneficiary golden cards issued, and claim disbursements.",Extracted via OCR from quarterly state health reports.
SRC-4143,PMGSY Rural Road Construction Dataset,Ministry of Rural Development,Department of Rural Development,https://omms.nic.in/reports/pmgsy_road_progress/src-4143,FY 2022-23,2023-03-03,2023-03-11,PMGSY_Physical_Financial_Progress.xlsx,CSV,"Contains project progress, housing sanctions, road length completed, and fund allocations across rural districts.",Scraped from monthly state progress PDFs.
SRC-8244,National Highways Infrastructure Development Progress,Ministry of Road Transport and Highways,Department of Road Transport and Highways,https://morth.nic.in/dataset/highway_construction/src-8244,FY 2023-24,2023-10-29,2023-11-06,MoRTH_Project_Status_Report.pdf,XLSX,"National highway expansion, land acquisition status, budget releases, and physical completion metrics.",Includes CAG audit status notes.
SRC-5011,Poshan Abhiyaan Child Nutrition & Anganwadi Infrastructure,Ministry of Women and Child Development,Department of Women and Child Development,https://poshanabhiyaan.gov.in/reports/nutrition_tracker/src-5011,FY 2022-23,2024-04-08,2024-04-10,Poshan_Tracker_Anganwadi_Metrics.pdf,PDF,"Anganwadi center infrastructure, nutrition status tracking, and target beneficiary coverage.",Scraped from Poshan Tracker dashboard.
SRC-3881,National Highways Infrastructure Development Progress,Ministry of Road Transport and Highways,Department of Road Transport and Highways,https://morth.nic.in/dataset/highway_construction/src-3881,FY 2022-23,2023-04-20,2023-05-08,NHDP_Highway_Corridor_Progress.xlsx,PDF,"National highway expansion, land acquisition status, budget releases, and physical completion metrics.",Compiled from regional highway authority updates.
SRC-9976,PM-KISAN Disbursement Register & Beneficiary Coverage,Ministry of Agriculture,Department of Agriculture,https://pmkisan.gov.in/data/disbursement_register/src-9976,FY 2021-22,2023-04-08,2023-04-12,PMKISAN_Farmer_Disbursements.xlsx,CSV,"Direct benefit transfer (DBT) records, farmer enrollment counts, and financial year disbursements.",Audited financial dataset.
SRC-9849,National Highways Infrastructure Development Progress,Ministry of Road Transport and Highways,Department of Road Transport and Highways,https://morth.nic.in/dataset/highway_construction/src-9849,FY 2023-24,2023-08-28,2023-09-25,MoRTH_Project_Status_Report.pdf,PDF,"National highway expansion, land acquisition status, budget releases, and physical completion metrics.",Compiled from regional highway authority updates.
SRC-7232,PMAY-G Housing Progress & Expenditure Report,Ministry of Rural Development,Department of Rural Development,https://data.gov.in/dataset/pmayg-progress-report/src-7232,FY 2021-22,2023-06-23,2023-07-19,PMAYG_District_Report_2024.pdf,XLSX,"Contains project progress, housing sanctions, road length completed, and fund allocations across rural districts.",Direct export from Ministry dashboard.
SRC-8657,National Highways Infrastructure Development Progress,Ministry of Road Transport and Highways,Department of Road Transport and Highways,https://morth.nic.in/dataset/highway_construction/src-8657,FY 2023-24,2023-03-13,2023-03-27,NHDP_Highway_Corridor_Progress.xlsx,XLSX,"National highway expansion, land acquisition status, budget releases, and physical completion metrics.",Compiled from regional highway authority updates.
SRC-7906,Jal Jeevan Mission Tap Connection & Outlay Dataset,Ministry of Jal Shakti,Department of Drinking Water and Sanitation,https://ejalshakti.gov.in/jjmreport/water_coverage/src-7906,FY 2023-24,2023-08-15,2023-09-10,JJM_District_Financial_Outlays.xlsx,CSV,"Includes village-level household tap water connections, infrastructure status, and fund releases.",Raw data API dump from JJM Dashboard.
SRC-2874,Ayushman Bharat Health Infrastructure & Beneficiary Dataset,Ministry of Health and Family Welfare,Department of Health and Family Welfare,https://dashboard.pmjay.gov.in/reports/health_centers/src-2874,FY 2022-23,2023-03-27,2023-04-10,PMJAY_Health_Centers_Coverage.pdf,PDF,"Tracking impaneled health centers, beneficiary golden cards issued, and claim disbursements.",Extracted via OCR from quarterly state health reports.
SRC-6111,Jal Jeevan Mission Tap Connection & Outlay Dataset,Ministry of Jal Shakti,Department of Drinking Water and Sanitation,https://ejalshakti.gov.in/jjmreport/water_coverage/src-6111,FY 2023-24,2023-03-26,2023-04-08,JJM_Village_Tap_Coverage.csv,XLSX,"Includes village-level household tap water connections, infrastructure status, and fund releases.",Raw data API dump from JJM Dashboard.
SRC-6688,PM-POSHAN School Kitchen Infrastructure & Coverage Dataset,Ministry of Education,Department of School Education and Literacy,https://pmposhan.education.gov.in/reports/kitchen_infra/src-6688,FY 2022-23,2023-08-05,2023-08-28,PM_POSHAN_Coverage_Metrics.csv,CSV,"Details school kitchen construction, meal distribution reach, and central/state fund utilization.",Monthly coverage summary.
SRC-8135,PM-POSHAN School Kitchen Infrastructure & Coverage Dataset,Ministry of Education,Department of School Education and Literacy,https://pmposhan.education.gov.in/reports/kitchen_infra/src-8135,FY 2023-24,2024-05-10,2024-05-12,PMPOSHAN_Kitchen_Assets.xlsx,CSV,"Details school kitchen construction, meal distribution reach, and central/state fund utilization.",Aggregated from UDISE+ school reporting portal.
SRC-6511,Jal Jeevan Mission Tap Connection & Outlay Dataset,Ministry of Jal Shakti,Department of Drinking Water and Sanitation,https://ejalshakti.gov.in/jjmreport/water_coverage/src-6511,FY 2022-23,2023-09-15,2023-10-15,JJM_Village_Tap_Coverage.csv,CSV,"Includes village-level household tap water connections, infrastructure status, and fund releases.",Harmonized state-wise pipeline records.
SRC-9464,PMAY-G Housing Progress & Expenditure Report,Ministry of Rural Development,Department of Rural Development,https://data.gov.in/dataset/pmayg-progress-report/src-9464,FY 2023-24,2023-11-01,2023-11-04,PMAYG_District_Report_2024.pdf,PDF,"Contains project progress, housing sanctions, road length completed, and fund allocations across rural districts.",Extracted from central OMMS portal.
SRC-8753,Jal Jeevan Mission Tap Connection & Outlay Dataset,Ministry of Jal Shakti,Department of Drinking Water and Sanitation,https://ejalshakti.gov.in/jjmreport/water_coverage/src-8753,FY 2021-22,2023-11-14,2023-11-17,JJM_Village_Tap_Coverage.csv,CSV,"Includes village-level household tap water connections, infrastructure status, and fund releases.",Raw data API dump from JJM Dashboard.
SRC-8933,PM-POSHAN School Kitchen Infrastructure & Coverage Dataset,Ministry of Education,Department of School Education and Literacy,https://pmposhan.education.gov.in/reports/kitchen_infra/src-8933,FY 2022-23,2023-05-03,2023-05-12,PM_POSHAN_Coverage_Metrics.csv,XLSX,"Details school kitchen construction, meal distribution reach, and central/state fund utilization.",Monthly coverage summary.
SRC-5658,Ayushman Bharat Health Infrastructure & Beneficiary Dataset,Ministry of Health and Family Welfare,Department of Health and Family Welfare,https://dashboard.pmjay.gov.in/reports/health_centers/src-5658,FY 2021-22,2024-04-20,2024-05-15,Ayushman_Beneficiary_Enrollments.csv,CSV,"Tracking impaneled health centers, beneficiary golden cards issued, and claim disbursements.",Validated against NHA portal records.
SRC-5978,National Highways Infrastructure Development Progress,Ministry of Road Transport and Highways,Department of Road Transport and Highways,https://morth.nic.in/dataset/highway_construction/src-5978,FY 2022-23,2023-10-03,2023-10-10,MoRTH_Project_Status_Report.pdf,XLSX,"National highway expansion, land acquisition status, budget releases, and physical completion metrics.",Includes CAG audit status notes.
SRC-4404,PMGSY Rural Road Construction Dataset,Ministry of Rural Development,Department of Rural Development,https://data.gov.in/dataset/pmayg-progress-report/src-4404,FY 2021-22,2023-07-09,2023-07-19,PMGSY_Physical_Financial_Progress.xlsx,PDF,"Contains project progress, housing sanctions, road length completed, and fund allocations across rural districts.",Extracted from central OMMS portal.
SRC-8438,Poshan Abhiyaan Child Nutrition & Anganwadi Infrastructure,Ministry of Women and Child Development,Department of Women and Child Development,https://poshanabhiyaan.gov.in/reports/nutrition_tracker/src-8438,FY 2021-22,2024-04-22,2024-05-14,MWCD_Scheme_Monitoring_Data.csv,PDF,"Anganwadi center infrastructure, nutrition status tracking, and target beneficiary coverage.",Quarterly district summary.
SRC-6039,PMAY-G Housing Progress & Expenditure Report,Ministry of Rural Development,Department of Rural Development,https://data.gov.in/dataset/pmayg-progress-report/src-6039,FY 2023-24,2024-01-16,2024-02-03,PMGSY_Physical_Financial_Progress.xlsx,PDF,"Contains project progress, housing sanctions, road length completed, and fund allocations across rural districts.",Extracted from central OMMS portal.
SRC-4750,PM-POSHAN School Kitchen Infrastructure & Coverage Dataset,Ministry of Education,Department of School Education and Literacy,https://pmposhan.education.gov.in/reports/kitchen_infra/src-4750,FY 2022-23,2023-04-15,2023-05-07,PM_POSHAN_Coverage_Metrics.csv,XLSX,"Details school kitchen construction, meal distribution reach, and central/state fund utilization.",Monthly coverage summary.
SRC-7690,Poshan Abhiyaan Child Nutrition & Anganwadi Infrastructure,Ministry of Women and Child Development,Department of Women and Child Development,https://poshanabhiyaan.gov.in/reports/nutrition_tracker/src-7690,FY 2023-24,2023-11-21,2023-12-05,MWCD_Scheme_Monitoring_Data.csv,PDF,"Anganwadi center infrastructure, nutrition status tracking, and target beneficiary coverage.",Scraped from Poshan Tracker dashboard.
SRC-9889,Ayushman Bharat Health Infrastructure & Beneficiary Dataset,Ministry of Health and Family Welfare,Department of Health and Family Welfare,https://dashboard.pmjay.gov.in/reports/health_centers/src-9889,FY 2023-24,2023-11-23,2023-12-02,PMJAY_Health_Centers_Coverage.pdf,CSV,"Tracking impaneled health centers, beneficiary golden cards issued, and claim disbursements.",Extracted via OCR from quarterly state health reports.
SRC-2989,National Highways Infrastructure Development Progress,Ministry of Road Transport and Highways,Department of Road Transport and Highways,https://morth.nic.in/dataset/highway_construction/src-2989,FY 2021-22,2023-02-08,2023-03-09,MoRTH_Project_Status_Report.pdf,XLSX,"National highway expansion, land acquisition status, budget releases, and physical completion metrics.",Includes CAG audit status notes.
SRC-7807,PMAY-G Housing Progress & Expenditure Report,Ministry of Rural Development,Department of Rural Development,https://data.gov.in/dataset/pmayg-progress-report/src-7807,FY 2023-24,2023-03-17,2023-03-31,PMGSY_Physical_Financial_Progress.xlsx,CSV,"Contains project progress, housing sanctions, road length completed, and fund allocations across rural districts.",Direct export from Ministry dashboard.
SRC-6568,PM-KISAN Disbursement Register & Beneficiary Coverage,Ministry of Agriculture,Department of Agriculture,https://pmkisan.gov.in/data/disbursement_register/src-6568,FY 2022-23,2024-04-05,2024-04-17,PMKISAN_District_Coverage.csv,CSV,"Direct benefit transfer (DBT) records, farmer enrollment counts, and financial year disbursements.",DBT portal transaction logs aggregated.
SRC-6272,PM-KISAN Disbursement Register & Beneficiary Coverage,Ministry of Agriculture,Department of Agriculture,https://pmkisan.gov.in/data/disbursement_register/src-6272,FY 2023-24,2024-05-13,2024-06-02,PMKISAN_Farmer_Disbursements.xlsx,CSV,"Direct benefit transfer (DBT) records, farmer enrollment counts, and financial year disbursements.",Audited financial dataset.
SRC-3068,PM-KISAN Disbursement Register & Beneficiary Coverage,Ministry of Agriculture,Department of Agriculture,https://pmkisan.gov.in/data/disbursement_register/src-3068,FY 2023-24,2023-01-13,2023-01-19,PMKISAN_Farmer_Disbursements.xlsx,XLSX,"Direct benefit transfer (DBT) records, farmer enrollment counts, and financial year disbursements.",Audited financial dataset.
SRC-2315,PM-POSHAN School Kitchen Infrastructure & Coverage Dataset,Ministry of Education,Department of School Education and Literacy,https://pmposhan.education.gov.in/reports/kitchen_infra/src-2315,FY 2023-24,2024-02-08,2024-03-02,PMPOSHAN_Kitchen_Assets.xlsx,CSV,"Details school kitchen construction, meal distribution reach, and central/state fund utilization.",Aggregated from UDISE+ school reporting portal.
SRC-8110,PM-KISAN Disbursement Register & Beneficiary Coverage,Ministry of Agriculture,Department of Agriculture,https://pmkisan.gov.in/data/disbursement_register/src-8110,FY 2023-24,2023-04-13,2023-05-10,PMKISAN_Farmer_Disbursements.xlsx,CSV,"Direct benefit transfer (DBT) records, farmer enrollment counts, and financial year disbursements.",DBT portal transaction logs aggregated.
SRC-2293,PMGSY Rural Road Construction Dataset,Ministry of Rural Development,Department of Rural Development,https://omms.nic.in/reports/pmgsy_road_progress/src-2293,FY 2022-23,2023-01-13,2023-02-04,PMGSY_Physical_Financial_Progress.xlsx,PDF,"Contains project progress, housing sanctions, road length completed, and fund allocations across rural districts.",Extracted from central OMMS portal.
SRC-2210,PM-POSHAN School Kitchen Infrastructure & Coverage Dataset,Ministry of Education,Department of School Education and Literacy,https://pmposhan.education.gov.in/reports/kitchen_infra/src-2210,FY 2022-23,2024-05-10,2024-06-04,PM_POSHAN_Coverage_Metrics.csv,CSV,"Details school kitchen construction, meal distribution reach, and central/state fund utilization.",Aggregated from UDISE+ school reporting portal.
SRC-1359,Ayushman Bharat Health Infrastructure & Beneficiary Dataset,Ministry of Health and Family Welfare,Department of Health and Family Welfare,https://dashboard.pmjay.gov.in/reports/health_centers/src-1359,FY 2023-24,2024-04-25,2024-04-26,Ayushman_Beneficiary_Enrollments.csv,JSON,"Tracking impaneled health centers, beneficiary golden cards issued, and claim disbursements.",Validated against NHA portal records.
SRC-5106,PM-KISAN Disbursement Register & Beneficiary Coverage,Ministry of Agriculture,Department of Agriculture,https://pmkisan.gov.in/data/disbursement_register/src-5106,FY 2022-23,2023-01-20,2023-01-24,PMKISAN_Farmer_Disbursements.xlsx,JSON,"Direct benefit transfer (DBT) records, farmer enrollment counts, and financial year disbursements.",Audited financial dataset.
SRC-9697,Poshan Abhiyaan Child Nutrition & Anganwadi Infrastructure,Ministry of Women and Child Development,Department of Women and Child Development,https://poshanabhiyaan.gov.in/reports/nutrition_tracker/src-9697,FY 2023-24,2023-07-17,2023-08-15,MWCD_Scheme_Monitoring_Data.csv,CSV,"Anganwadi center infrastructure, nutrition status tracking, and target beneficiary coverage.",Scraped from Poshan Tracker dashboard.
SRC-6992,PM-POSHAN School Kitchen Infrastructure & Coverage Dataset,Ministry of Education,Department of School Education and Literacy,https://pmposhan.education.gov.in/reports/kitchen_infra/src-6992,FY 2023-24,2023-09-24,2023-10-24,PMPOSHAN_Kitchen_Assets.xlsx,CSV,"Details school kitchen construction, meal distribution reach, and central/state fund utilization.",Aggregated from UDISE+ school reporting portal.
SRC-8724,PMAY-G Housing Progress & Expenditure Report,Ministry of Rural Development,Department of Rural Development,https://omms.nic.in/reports/pmgsy_road_progress/src-8724,FY 2021-22,2024-04-16,2024-04-27,PMGSY_Physical_Financial_Progress.xlsx,PDF,"Contains project progress, housing sanctions, road length completed, and fund allocations across rural districts.",Direct export from Ministry dashboard.
SRC-4846,PMGSY Rural Road Construction Dataset,Ministry of Rural Development,Department of Rural Development,https://data.gov.in/dataset/pmayg-progress-report/src-4846,FY 2023-24,2023-12-08,2023-12-22,PMGSY_Physical_Financial_Progress.xlsx,CSV,"Contains project progress, housing sanctions, road length completed, and fund allocations across rural districts.",Scraped from monthly state progress PDFs.
SRC-5583,PM-POSHAN School Kitchen Infrastructure & Coverage Dataset,Ministry of Education,Department of School Education and Literacy,https://pmposhan.education.gov.in/reports/kitchen_infra/src-5583,FY 2022-23,2023-08-04,2023-08-26,PM_POSHAN_Coverage_Metrics.csv,XLSX,"Details school kitchen construction, meal distribution reach, and central/state fund utilization.",Aggregated from UDISE+ school reporting portal.
SRC-4475,PMGSY Rural Road Construction Dataset,Ministry of Rural Development,Department of Rural Development,https://data.gov.in/dataset/pmayg-progress-report/src-4475,FY 2021-22,2024-03-02,2024-03-03,PMGSY_Physical_Financial_Progress.xlsx,XLSX,"Contains project progress, housing sanctions, road length completed, and fund allocations across rural districts.",Direct export from Ministry dashboard.
SRC-3129,Poshan Abhiyaan Child Nutrition & Anganwadi Infrastructure,Ministry of Women and Child Development,Department of Women and Child Development,https://poshanabhiyaan.gov.in/reports/nutrition_tracker/src-3129,FY 2021-22,2023-08-27,2023-09-11,Poshan_Tracker_Anganwadi_Metrics.pdf,CSV,"Anganwadi center infrastructure, nutrition status tracking, and target beneficiary coverage.",Quarterly district summary.
SRC-2041,PM-POSHAN School Kitchen Infrastructure & Coverage Dataset,Ministry of Education,Department of School Education and Literacy,https://pmposhan.education.gov.in/reports/kitchen_infra/src-2041,FY 2023-24,2023-05-26,2023-06-12,PM_POSHAN_Coverage_Metrics.csv,XLSX,"Details school kitchen construction, meal distribution reach, and central/state fund utilization.",Aggregated from UDISE+ school reporting portal.
SRC-1510,National Highways Infrastructure Development Progress,Ministry of Road Transport and Highways,Department of Road Transport and Highways,https://morth.nic.in/dataset/highway_construction/src-1510,FY 2023-24,2024-02-17,2024-02-24,NHDP_Highway_Corridor_Progress.xlsx,PDF,"National highway expansion, land acquisition status, budget releases, and physical completion metrics.",Includes CAG audit status notes.
SRC-5505,PMAY-G Housing Progress & Expenditure Report,Ministry of Rural Development,Department of Rural Development,https://data.gov.in/dataset/pmayg-progress-report/src-5505,FY 2023-24,2023-11-09,2023-12-07,PMAYG_District_Report_2024.pdf,PDF,"Contains project progress, housing sanctions, road length completed, and fund allocations across rural districts.",Scraped from monthly state progress PDFs.
SRC-7779,Poshan Abhiyaan Child Nutrition & Anganwadi Infrastructure,Ministry of Women and Child Development,Department of Women and Child Development,https://poshanabhiyaan.gov.in/reports/nutrition_tracker/src-7779,FY 2022-23,2023-09-11,2023-09-24,MWCD_Scheme_Monitoring_Data.csv,PDF,"Anganwadi center infrastructure, nutrition status tracking, and target beneficiary coverage.",Quarterly district summary.
SRC-2398,Ayushman Bharat Health Infrastructure & Beneficiary Dataset,Ministry of Health and Family Welfare,Department of Health and Family Welfare,https://dashboard.pmjay.gov.in/reports/health_centers/src-2398,FY 2022-23,2023-04-23,2023-04-29,PMJAY_Health_Centers_Coverage.pdf,PDF,"Tracking impaneled health centers, beneficiary golden cards issued, and claim disbursements.",Validated against NHA portal records.
SRC-1842,PMGSY Rural Road Construction Dataset,Ministry of Rural Development,Department of Rural Development,https://data.gov.in/dataset/pmayg-progress-report/src-1842,FY 2021-22,2023-03-10,2023-04-05,PMAYG_District_Report_2024.pdf,PDF,"Contains project progress, housing sanctions, road length completed, and fund allocations across rural districts.",Scraped from monthly state progress PDFs.
SRC-5381,Ayushman Bharat Health Infrastructure & Beneficiary Dataset,Ministry of Health and Family Welfare,Department of Health and Family Welfare,https://dashboard.pmjay.gov.in/reports/health_centers/src-5381,FY 2022-23,2024-03-01,2024-03-31,Ayushman_Beneficiary_Enrollments.csv,JSON,"Tracking impaneled health centers, beneficiary golden cards issued, and claim disbursements.",Validated against NHA portal records.
SRC-7163,PMGSY Rural Road Construction Dataset,Ministry of Rural Development,Department of Rural Development,https://data.gov.in/dataset/pmayg-progress-report/src-7163,FY 2022-23,2024-01-20,2024-01-28,PMGSY_Physical_Financial_Progress.xlsx,XLSX,"Contains project progress, housing sanctions, road length completed, and fund allocations across rural districts.",Scraped from monthly state progress PDFs.
SRC-5458,National Highways Infrastructure Development Progress,Ministry of Road Transport and Highways,Department of Road Transport and Highways,https://morth.nic.in/dataset/highway_construction/src-5458,FY 2022-23,2023-02-09,2023-03-04,NHDP_Highway_Corridor_Progress.xlsx,PDF,"National highway expansion, land acquisition status, budget releases, and physical completion metrics.",Compiled from regional highway authority updates.
SRC-1744,National Highways Infrastructure Development Progress,Ministry of Road Transport and Highways,Department of Road Transport and Highways,https://morth.nic.in/dataset/highway_construction/src-1744,FY 2022-23,2024-04-02,2024-04-20,MoRTH_Project_Status_Report.pdf,PDF,"National highway expansion, land acquisition status, budget releases, and physical completion metrics.",Compiled from regional highway authority updates.
SRC-3878,Jal Jeevan Mission Tap Connection & Outlay Dataset,Ministry of Jal Shakti,Department of Drinking Water and Sanitation,https://ejalshakti.gov.in/jjmreport/water_coverage/src-3878,FY 2022-23,2023-12-22,2023-12-27,JJM_Village_Tap_Coverage.csv,CSV,"Includes village-level household tap water connections, infrastructure status, and fund releases.",Harmonized state-wise pipeline records.
SRC-7626,Jal Jeevan Mission Tap Connection & Outlay Dataset,Ministry of Jal Shakti,Department of Drinking Water and Sanitation,https://ejalshakti.gov.in/jjmreport/water_coverage/src-7626,FY 2022-23,2023-10-05,2023-10-20,JJM_District_Financial_Outlays.xlsx,XLSX,"Includes village-level household tap water connections, infrastructure status, and fund releases.",Harmonized state-wise pipeline records.
SRC-7560,Poshan Abhiyaan Child Nutrition & Anganwadi Infrastructure,Ministry of Women and Child Development,Department of Women and Child Development,https://poshanabhiyaan.gov.in/reports/nutrition_tracker/src-7560,FY 2022-23,2024-04-08,2024-05-03,Poshan_Tracker_Anganwadi_Metrics.pdf,CSV,"Anganwadi center infrastructure, nutrition status tracking, and target beneficiary coverage.",Quarterly district summary.
SRC-3399,PM-POSHAN School Kitchen Infrastructure & Coverage Dataset,Ministry of Education,Department of School Education and Literacy,https://pmposhan.education.gov.in/reports/kitchen_infra/src-3399,FY 2022-23,2023-06-02,2023-06-27,PM_POSHAN_Coverage_Metrics.csv,XLSX,"Details school kitchen construction, meal distribution reach, and central/state fund utilization.",Monthly coverage summary.
SRC-6179,Ayushman Bharat Health Infrastructure & Beneficiary Dataset,Ministry of Health and Family Welfare,Department of Health and Family Welfare,https://dashboard.pmjay.gov.in/reports/health_centers/src-6179,FY 2021-22,2023-05-20,2023-06-03,PMJAY_Health_Centers_Coverage.pdf,CSV,"Tracking impaneled health centers, beneficiary golden cards issued, and claim disbursements.",Extracted via OCR from quarterly state health reports.
SRC-1932,Jal Jeevan Mission Tap Connection & Outlay Dataset,Ministry of Jal Shakti,Department of Drinking Water and Sanitation,https://ejalshakti.gov.in/jjmreport/water_coverage/src-1932,FY 2021-22,2024-01-06,2024-01-12,JJM_District_Financial_Outlays.xlsx,XLSX,"Includes village-level household tap water connections, infrastructure status, and fund releases.",Harmonized state-wise pipeline records.
SRC-2695,Ayushman Bharat Health Infrastructure & Beneficiary Dataset,Ministry of Health and Family Welfare,Department of Health and Family Welfare,https://dashboard.pmjay.gov.in/reports/health_centers/src-2695,FY 2021-22,2023-02-12,2023-03-05,PMJAY_Health_Centers_Coverage.pdf,CSV,"Tracking impaneled health centers, beneficiary golden cards issued, and claim disbursements.",Extracted via OCR from quarterly state health reports.
SRC-2079,Poshan Abhiyaan Child Nutrition & Anganwadi Infrastructure,Ministry of Women and Child Development,Department of Women and Child Development,https://poshanabhiyaan.gov.in/reports/nutrition_tracker/src-2079,FY 2022-23,2023-05-14,2023-05-27,MWCD_Scheme_Monitoring_Data.csv,PDF,"Anganwadi center infrastructure, nutrition status tracking, and target beneficiary coverage.",Scraped from Poshan Tracker dashboard.
SRC-6072,Ayushman Bharat Health Infrastructure & Beneficiary Dataset,Ministry of Health and Family Welfare,Department of Health and Family Welfare,https://dashboard.pmjay.gov.in/reports/health_centers/src-6072,FY 2022-23,2024-01-25,2024-02-23,Ayushman_Beneficiary_Enrollments.csv,CSV,"Tracking impaneled health centers, beneficiary golden cards issued, and claim disbursements.",Validated against NHA portal records.
SRC-1298,PM-POSHAN School Kitchen Infrastructure & Coverage Dataset,Ministry of Education,Department of School Education and Literacy,https://pmposhan.education.gov.in/reports/kitchen_infra/src-1298,FY 2023-24,2023-08-29,2023-08-30,PM_POSHAN_Coverage_Metrics.csv,CSV,"Details school kitchen construction, meal distribution reach, and central/state fund utilization.",Aggregated from UDISE+ school reporting portal.
SRC-3147,Ayushman Bharat Health Infrastructure & Beneficiary Dataset,Ministry of Health and Family Welfare,Department of Health and Family Welfare,https://dashboard.pmjay.gov.in/reports/health_centers/src-3147,FY 2021-22,2024-02-04,2024-02-25,PMJAY_Health_Centers_Coverage.pdf,JSON,"Tracking impaneled health centers, beneficiary golden cards issued, and claim disbursements.",Extracted via OCR from quarterly state health reports.
SRC-8355,PM-POSHAN School Kitchen Infrastructure & Coverage Dataset,Ministry of Education,Department of School Education and Literacy,https://pmposhan.education.gov.in/reports/kitchen_infra/src-8355,FY 2021-22,2023-11-15,2023-11-20,PMPOSHAN_Kitchen_Assets.xlsx,XLSX,"Details school kitchen construction, meal distribution reach, and central/state fund utilization.",Aggregated from UDISE+ school reporting portal.
SRC-5096,Jal Jeevan Mission Tap Connection & Outlay Dataset,Ministry of Jal Shakti,Department of Drinking Water and Sanitation,https://ejalshakti.gov.in/jjmreport/water_coverage/src-5096,FY 2022-23,2023-08-27,2023-09-19,JJM_District_Financial_Outlays.xlsx,CSV,"Includes village-level household tap water connections, infrastructure status, and fund releases.",Raw data API dump from JJM Dashboard.
SRC-8167,PMGSY Rural Road Construction Dataset,Ministry of Rural Development,Department of Rural Development,https://omms.nic.in/reports/pmgsy_road_progress/src-8167,FY 2023-24,2024-05-08,2024-06-01,PMAYG_District_Report_2024.pdf,CSV,"Contains project progress, housing sanctions, road length completed, and fund allocations across rural districts.",Direct export from Ministry dashboard.
SRC-3392,PMAY-G Housing Progress & Expenditure Report,Ministry of Rural Development,Department of Rural Development,https://data.gov.in/dataset/pmayg-progress-report/src-3392,FY 2023-24,2023-01-14,2023-02-13,PMGSY_Physical_Financial_Progress.xlsx,PDF,"Contains project progress, housing sanctions, road length completed, and fund allocations across rural districts.",Direct export from Ministry dashboard.
SRC-5720,Jal Jeevan Mission Tap Connection & Outlay Dataset,Ministry of Jal Shakti,Department of Drinking Water and Sanitation,https://ejalshakti.gov.in/jjmreport/water_coverage/src-5720,FY 2022-23,2023-10-31,2023-11-23,JJM_District_Financial_Outlays.xlsx,CSV,"Includes village-level household tap water connections, infrastructure status, and fund releases.",Raw data API dump from JJM Dashboard.
SRC-5772,Jal Jeevan Mission Tap Connection & Outlay Dataset,Ministry of Jal Shakti,Department of Drinking Water and Sanitation,https://ejalshakti.gov.in/jjmreport/water_coverage/src-5772,FY 2021-22,2023-06-27,2023-07-15,JJM_District_Financial_Outlays.xlsx,CSV,"Includes village-level household tap water connections, infrastructure status, and fund releases.",Raw data API dump from JJM Dashboard.
SRC-1713,PMGSY Rural Road Construction Dataset,Ministry of Rural Development,Department of Rural Development,https://omms.nic.in/reports/pmgsy_road_progress/src-1713,FY 2021-22,2023-06-24,2023-06-25,PMAYG_District_Report_2024.pdf,CSV,"Contains project progress, housing sanctions, road length completed, and fund allocations across rural districts.",Direct export from Ministry dashboard.
SRC-6772,Poshan Abhiyaan Child Nutrition & Anganwadi Infrastructure,Ministry of Women and Child Development,Department of Women and Child Development,https://poshanabhiyaan.gov.in/reports/nutrition_tracker/src-6772,FY 2022-23,2023-11-22,2023-12-21,Poshan_Tracker_Anganwadi_Metrics.pdf,CSV,"Anganwadi center infrastructure, nutrition status tracking, and target beneficiary coverage.",Quarterly district summary.
SRC-1717,PM-POSHAN School Kitchen Infrastructure & Coverage Dataset,Ministry of Education,Department of School Education and Literacy,https://pmposhan.education.gov.in/reports/kitchen_infra/src-1717,FY 2023-24,2023-11-12,2023-12-08,PM_POSHAN_Coverage_Metrics.csv,XLSX,"Details school kitchen construction, meal distribution reach, and central/state fund utilization.",Monthly coverage summary.
SRC-5476,PM-KISAN Disbursement Register & Beneficiary Coverage,Ministry of Agriculture,Department of Agriculture,https://pmkisan.gov.in/data/disbursement_register/src-5476,FY 2023-24,2023-06-15,2023-07-13,PMKISAN_District_Coverage.csv,JSON,"Direct benefit transfer (DBT) records, farmer enrollment counts, and financial year disbursements.",Audited financial dataset.
SRC-3956,PMAY-G Housing Progress & Expenditure Report,Ministry of Rural Development,Department of Rural Development,https://data.gov.in/dataset/pmayg-progress-report/src-3956,FY 2022-23,2024-01-20,2024-02-04,PMGSY_Physical_Financial_Progress.xlsx,XLSX,"Contains project progress, housing sanctions, road length completed, and fund allocations across rural districts.",Extracted from central OMMS portal.
SRC-5498,PM-POSHAN School Kitchen Infrastructure & Coverage Dataset,Ministry of Education,Department of School Education and Literacy,https://pmposhan.education.gov.in/reports/kitchen_infra/src-5498,FY 2022-23,2023-04-04,2023-04-20,PMPOSHAN_Kitchen_Assets.xlsx,CSV,"Details school kitchen construction, meal distribution reach, and central/state fund utilization.",Monthly coverage summary.
SRC-1530,Poshan Abhiyaan Child Nutrition & Anganwadi Infrastructure,Ministry of Women and Child Development,Department of Women and Child Development,https://poshanabhiyaan.gov.in/reports/nutrition_tracker/src-1530,FY 2021-22,2024-03-26,2024-04-15,MWCD_Scheme_Monitoring_Data.csv,CSV,"Anganwadi center infrastructure, nutrition status tracking, and target beneficiary coverage.",Quarterly district summary.
SRC-2929,PM-POSHAN School Kitchen Infrastructure & Coverage Dataset,Ministry of Education,Department of School Education and Literacy,https://pmposhan.education.gov.in/reports/kitchen_infra/src-2929,FY 2023-24,2024-01-04,2024-01-18,PMPOSHAN_Kitchen_Assets.xlsx,XLSX,"Details school kitchen construction, meal distribution reach, and central/state fund utilization.",Aggregated from UDISE+ school reporting portal.
SRC-6692,Ayushman Bharat Health Infrastructure & Beneficiary Dataset,Ministry of Health and Family Welfare,Department of Health and Family Welfare,https://dashboard.pmjay.gov.in/reports/health_centers/src-6692,FY 2023-24,2023-08-18,2023-09-13,Ayushman_Beneficiary_Enrollments.csv,JSON,"Tracking impaneled health centers, beneficiary golden cards issued, and claim disbursements.",Validated against NHA portal records.
SRC-1430,Poshan Abhiyaan Child Nutrition & Anganwadi Infrastructure,Ministry of Women and Child Development,Department of Women and Child Development,https://poshanabhiyaan.gov.in/reports/nutrition_tracker/src-1430,FY 2022-23,2023-12-21,2023-12-29,MWCD_Scheme_Monitoring_Data.csv,PDF,"Anganwadi center infrastructure, nutrition status tracking, and target beneficiary coverage.",Quarterly district summary.
SRC-8372,Ayushman Bharat Health Infrastructure & Beneficiary Dataset,Ministry of Health and Family Welfare,Department of Health and Family Welfare,https://dashboard.pmjay.gov.in/reports/health_centers/src-8372,FY 2022-23,2023-08-06,2023-08-30,Ayushman_Beneficiary_Enrollments.csv,JSON,"Tracking impaneled health centers, beneficiary golden cards issued, and claim disbursements.",Validated against NHA portal records.
SRC-6669,Poshan Abhiyaan Child Nutrition & Anganwadi Infrastructure,Ministry of Women and Child Development,Department of Women and Child Development,https://poshanabhiyaan.gov.in/reports/nutrition_tracker/src-6669,FY 2021-22,2023-05-09,2023-05-17,MWCD_Scheme_Monitoring_Data.csv,CSV,"Anganwadi center infrastructure, nutrition status tracking, and target beneficiary coverage.",Quarterly district summary.
SRC-1674,PM-POSHAN School Kitchen Infrastructure & Coverage Dataset,Ministry of Education,Department of School Education and Literacy,https://pmposhan.education.gov.in/reports/kitchen_infra/src-1674,FY 2023-24,2023-04-09,2023-04-16,PM_POSHAN_Coverage_Metrics.csv,XLSX,"Details school kitchen construction, meal distribution reach, and central/state fund utilization.",Aggregated from UDISE+ school reporting portal.
SRC-5873,PM-KISAN Disbursement Register & Beneficiary Coverage,Ministry of Agriculture,Department of Agriculture,https://pmkisan.gov.in/data/disbursement_register/src-5873,FY 2021-22,2023-06-01,2023-06-09,PMKISAN_District_Coverage.csv,XLSX,"Direct benefit transfer (DBT) records, farmer enrollment counts, and financial year disbursements.",DBT portal transaction logs aggregated.
SRC-9437,National Highways Infrastructure Development Progress,Ministry of Road Transport and Highways,Department of Road Transport and Highways,https://morth.nic.in/dataset/highway_construction/src-9437,FY 2023-24,2023-05-21,2023-05-23,MoRTH_Project_Status_Report.pdf,XLSX,"National highway expansion, land acquisition status, budget releases, and physical completion metrics.",Includes CAG audit status notes.
SRC-4110,PM-POSHAN School Kitchen Infrastructure & Coverage Dataset,Ministry of Education,Department of School Education and Literacy,https://pmposhan.education.gov.in/reports/kitchen_infra/src-4110,FY 2022-23,2024-03-22,2024-03-23,PMPOSHAN_Kitchen_Assets.xlsx,CSV,"Details school kitchen construction, meal distribution reach, and central/state fund utilization.",Aggregated from UDISE+ school reporting portal.
SRC-5681,PM-KISAN Disbursement Register & Beneficiary Coverage,Ministry of Agriculture,Department of Agriculture,https://pmkisan.gov.in/data/disbursement_register/src-5681,FY 2022-23,2023-04-05,2023-04-07,PMKISAN_District_Coverage.csv,CSV,"Direct benefit transfer (DBT) records, farmer enrollment counts, and financial year disbursements.",Audited financial dataset.
SRC-5582,PM-POSHAN School Kitchen Infrastructure & Coverage Dataset,Ministry of Education,Department of School Education and Literacy,https://pmposhan.education.gov.in/reports/kitchen_infra/src-5582,FY 2023-24,2023-09-09,2023-09-12,PMPOSHAN_Kitchen_Assets.xlsx,XLSX,"Details school kitchen construction, meal distribution reach, and central/state fund utilization.",Monthly coverage summary.
SRC-8761,PM-KISAN Disbursement Register & Beneficiary Coverage,Ministry of Agriculture,Department of Agriculture,https://pmkisan.gov.in/data/disbursement_register/src-8761,FY 2021-22,2023-02-13,2023-02-21,PMKISAN_Farmer_Disbursements.xlsx,JSON,"Direct benefit transfer (DBT) records, farmer enrollment counts, and financial year disbursements.",Audited financial dataset.
SRC-9311,PM-POSHAN School Kitchen Infrastructure & Coverage Dataset,Ministry of Education,Department of School Education and Literacy,https://pmposhan.education.gov.in/reports/kitchen_infra/src-9311,FY 2021-22,2024-04-10,2024-04-25,PMPOSHAN_Kitchen_Assets.xlsx,CSV,"Details school kitchen construction, meal distribution reach, and central/state fund utilization.",Monthly coverage summary.
SRC-5350,PM-KISAN Disbursement Register & Beneficiary Coverage,Ministry of Agriculture,Department of Agriculture,https://pmkisan.gov.in/data/disbursement_register/src-5350,FY 2023-24,2023-11-09,2023-12-03,PMKISAN_District_Coverage.csv,JSON,"Direct benefit transfer (DBT) records, farmer enrollment counts, and financial year disbursements.",DBT portal transaction logs aggregated.
SRC-6139,Poshan Abhiyaan Child Nutrition & Anganwadi Infrastructure,Ministry of Women and Child Development,Department of Women and Child Development,https://poshanabhiyaan.gov.in/reports/nutrition_tracker/src-6139,FY 2023-24,2023-03-22,2023-03-30,Poshan_Tracker_Anganwadi_Metrics.pdf,CSV,"Anganwadi center infrastructure, nutrition status tracking, and target beneficiary coverage.",Scraped from Poshan Tracker dashboard.
SRC-6140,National Highways Infrastructure Development Progress,Ministry of Road Transport and Highways,Department of Road Transport and Highways,https://morth.nic.in/dataset/highway_construction/src-6140,FY 2022-23,2023-08-19,2023-09-11,NHDP_Highway_Corridor_Progress.xlsx,XLSX,"National highway expansion, land acquisition status, budget releases, and physical completion metrics.",Compiled from regional highway authority updates.
SRC-9011,National Highways Infrastructure Development Progress,Ministry of Road Transport and Highways,Department of Road Transport and Highways,https://morth.nic.in/dataset/highway_construction/src-9011,FY 2022-23,2023-12-28,2024-01-07,NHDP_Highway_Corridor_Progress.xlsx,XLSX,"National highway expansion, land acquisition status, budget releases, and physical completion metrics.",Compiled from regional highway authority updates.
SRC-5758,Ayushman Bharat Health Infrastructure & Beneficiary Dataset,Ministry of Health and Family Welfare,Department of Health and Family Welfare,https://dashboard.pmjay.gov.in/reports/health_centers/src-5758,FY 2022-23,2023-08-06,2023-08-10,PMJAY_Health_Centers_Coverage.pdf,CSV,"Tracking impaneled health centers, beneficiary golden cards issued, and claim disbursements.",Extracted via OCR from quarterly state health reports.
SRC-4972,PMAY-G Housing Progress & Expenditure Report,Ministry of Rural Development,Department of Rural Development,https://data.gov.in/dataset/pmayg-progress-report/src-4972,FY 2023-24,2023-01-31,2023-02-06,PMGSY_Physical_Financial_Progress.xlsx,PDF,"Contains project progress, housing sanctions, road length completed, and fund allocations across rural districts.",Extracted from central OMMS portal.
SRC-5706,PMGSY Rural Road Construction Dataset,Ministry of Rural Development,Department of Rural Development,https://omms.nic.in/reports/pmgsy_road_progress/src-5706,FY 2023-24,2023-12-19,2023-12-29,PMGSY_Physical_Financial_Progress.xlsx,PDF,"Contains project progress, housing sanctions, road length completed, and fund allocations across rural districts.",Scraped from monthly state progress PDFs.
SRC-1613,Ayushman Bharat Health Infrastructure & Beneficiary Dataset,Ministry of Health and Family Welfare,Department of Health and Family Welfare,https://dashboard.pmjay.gov.in/reports/health_centers/src-1613,FY 2023-24,2023-11-03,2023-11-05,Ayushman_Beneficiary_Enrollments.csv,CSV,"Tracking impaneled health centers, beneficiary golden cards issued, and claim disbursements.",Extracted via OCR from quarterly state health reports.
SRC-5215,PMGSY Rural Road Construction Dataset,Ministry of Rural Development,Department of Rural Development,https://omms.nic.in/reports/pmgsy_road_progress/src-5215,FY 2022-23,2023-04-28,2023-05-20,PMGSY_Physical_Financial_Progress.xlsx,PDF,"Contains project progress, housing sanctions, road length completed, and fund allocations across rural districts.",Extracted from central OMMS portal.
SRC-8822,Poshan Abhiyaan Child Nutrition & Anganwadi Infrastructure,Ministry of Women and Child Development,Department of Women and Child Development,https://poshanabhiyaan.gov.in/reports/nutrition_tracker/src-8822,FY 2021-22,2023-09-23,2023-10-14,Poshan_Tracker_Anganwadi_Metrics.pdf,PDF,"Anganwadi center infrastructure, nutrition status tracking, and target beneficiary coverage.",Quarterly district summary.
SRC-7642,Jal Jeevan Mission Tap Connection & Outlay Dataset,Ministry of Jal Shakti,Department of Drinking Water and Sanitation,https://ejalshakti.gov.in/jjmreport/water_coverage/src-7642,FY 2021-22,2024-05-11,2024-05-14,JJM_Village_Tap_Coverage.csv,XLSX,"Includes village-level household tap water connections, infrastructure status, and fund releases.",Harmonized state-wise pipeline records.
SRC-9806,Poshan Abhiyaan Child Nutrition & Anganwadi Infrastructure,Ministry of Women and Child Development,Department of Women and Child Development,https://poshanabhiyaan.gov.in/reports/nutrition_tracker/src-9806,FY 2023-24,2023-12-10,2023-12-14,MWCD_Scheme_Monitoring_Data.csv,CSV,"Anganwadi center infrastructure, nutrition status tracking, and target beneficiary coverage.",Quarterly district summary.
SRC-9792,PM-KISAN Disbursement Register & Beneficiary Coverage,Ministry of Agriculture,Department of Agriculture,https://pmkisan.gov.in/data/disbursement_register/src-9792,FY 2023-24,2023-05-28,2023-06-19,PMKISAN_District_Coverage.csv,JSON,"Direct benefit transfer (DBT) records, farmer enrollment counts, and financial year disbursements.",Audited financial dataset.
SRC-6049,Jal Jeevan Mission Tap Connection & Outlay Dataset,Ministry of Jal Shakti,Department of Drinking Water and Sanitation,https://ejalshakti.gov.in/jjmreport/water_coverage/src-6049,FY 2022-23,2023-05-10,2023-05-21,JJM_District_Financial_Outlays.xlsx,CSV,"Includes village-level household tap water connections, infrastructure status, and fund releases.",Harmonized state-wise pipeline records.
SRC-7135,Poshan Abhiyaan Child Nutrition & Anganwadi Infrastructure,Ministry of Women and Child Development,Department of Women and Child Development,https://poshanabhiyaan.gov.in/reports/nutrition_tracker/src-7135,FY 2022-23,2023-01-28,2023-02-04,Poshan_Tracker_Anganwadi_Metrics.pdf,CSV,"Anganwadi center infrastructure, nutrition status tracking, and target beneficiary coverage.",Quarterly district summary.
SRC-1056,National Highways Infrastructure Development Progress,Ministry of Road Transport and Highways,Department of Road Transport and Highways,https://morth.nic.in/dataset/highway_construction/src-1056,FY 2023-24,2023-05-17,2023-06-04,MoRTH_Project_Status_Report.pdf,XLSX,"National highway expansion, land acquisition status, budget releases, and physical completion metrics.",Includes CAG audit status notes.
SRC-1256,PM-KISAN Disbursement Register & Beneficiary Coverage,Ministry of Agriculture,Department of Agriculture,https://pmkisan.gov.in/data/disbursement_register/src-1256,FY 2022-23,2023-03-04,2023-03-05,PMKISAN_District_Coverage.csv,JSON,"Direct benefit transfer (DBT) records, farmer enrollment counts, and financial year disbursements.",Audited financial dataset.
SRC-4836,Jal Jeevan Mission Tap Connection & Outlay Dataset,Ministry of Jal Shakti,Department of Drinking Water and Sanitation,https://ejalshakti.gov.in/jjmreport/water_coverage/src-4836,FY 2021-22,2023-02-17,2023-02-25,JJM_District_Financial_Outlays.xlsx,CSV,"Includes village-level household tap water connections, infrastructure status, and fund releases.",Harmonized state-wise pipeline records.
SRC-9120,PM-KISAN Disbursement Register & Beneficiary Coverage,Ministry of Agriculture,Department of Agriculture,https://pmkisan.gov.in/data/disbursement_register/src-9120,FY 2022-23,2023-09-13,2023-10-13,PMKISAN_Farmer_Disbursements.xlsx,JSON,"Direct benefit transfer (DBT) records, farmer enrollment counts, and financial year disbursements.",DBT portal transaction logs aggregated.
SRC-8586,PMGSY Rural Road Construction Dataset,Ministry of Rural Development,Department of Rural Development,https://omms.nic.in/reports/pmgsy_road_progress/src-8586,FY 2023-24,2023-05-05,2023-05-20,PMGSY_Physical_Financial_Progress.xlsx,XLSX,"Contains project progress, housing sanctions, road length completed, and fund allocations across rural districts.",Scraped from monthly state progress PDFs.
SRC-9775,PM-POSHAN School Kitchen Infrastructure & Coverage Dataset,Ministry of Education,Department of School Education and Literacy,https://pmposhan.education.gov.in/reports/kitchen_infra/src-9775,FY 2023-24,2023-05-22,2023-06-16,PMPOSHAN_Kitchen_Assets.xlsx,XLSX,"Details school kitchen construction, meal distribution reach, and central/state fund utilization.",Aggregated from UDISE+ school reporting portal.
SRC-1251,Poshan Abhiyaan Child Nutrition & Anganwadi Infrastructure,Ministry of Women and Child Development,Department of Women and Child Development,https://poshanabhiyaan.gov.in/reports/nutrition_tracker/src-1251,FY 2021-22,2024-01-07,2024-01-17,MWCD_Scheme_Monitoring_Data.csv,PDF,"Anganwadi center infrastructure, nutrition status tracking, and target beneficiary coverage.",Quarterly district summary.
SRC-6053,Jal Jeevan Mission Tap Connection & Outlay Dataset,Ministry of Jal Shakti,Department of Drinking Water and Sanitation,https://ejalshakti.gov.in/jjmreport/water_coverage/src-6053,FY 2023-24,2023-06-20,2023-07-08,JJM_District_Financial_Outlays.xlsx,XLSX,"Includes village-level household tap water connections, infrastructure status, and fund releases.",Harmonized state-wise pipeline records.
SRC-7841,Ayushman Bharat Health Infrastructure & Beneficiary Dataset,Ministry of Health and Family Welfare,Department of Health and Family Welfare,https://dashboard.pmjay.gov.in/reports/health_centers/src-7841,FY 2022-23,2023-10-20,2023-11-02,Ayushman_Beneficiary_Enrollments.csv,PDF,"Tracking impaneled health centers, beneficiary golden cards issued, and claim disbursements.",Extracted via OCR from quarterly state health reports.
SRC-3773,Ayushman Bharat Health Infrastructure & Beneficiary Dataset,Ministry of Health and Family Welfare,Department of Health and Family Welfare,https://dashboard.pmjay.gov.in/reports/health_centers/src-3773,FY 2021-22,2023-12-28,2024-01-27,PMJAY_Health_Centers_Coverage.pdf,CSV,"Tracking impaneled health centers, beneficiary golden cards issued, and claim disbursements.",Validated against NHA portal records.
SRC-2113,Poshan Abhiyaan Child Nutrition & Anganwadi Infrastructure,Ministry of Women and Child Development,Department of Women and Child Development,https://poshanabhiyaan.gov.in/reports/nutrition_tracker/src-2113,FY 2021-22,2023-03-06,2023-03-23,Poshan_Tracker_Anganwadi_Metrics.pdf,CSV,"Anganwadi center infrastructure, nutrition status tracking, and target beneficiary coverage.",Scraped from Poshan Tracker dashboard.
SRC-9777,Poshan Abhiyaan Child Nutrition & Anganwadi Infrastructure,Ministry of Women and Child Development,Department of Women and Child Development,https://poshanabhiyaan.gov.in/reports/nutrition_tracker/src-9777,FY 2021-22,2023-01-08,2023-02-01,MWCD_Scheme_Monitoring_Data.csv,PDF,"Anganwadi center infrastructure, nutrition status tracking, and target beneficiary coverage.",Quarterly district summary.
SRC-7652,Ayushman Bharat Health Infrastructure & Beneficiary Dataset,Ministry of Health and Family Welfare,Department of Health and Family Welfare,https://dashboard.pmjay.gov.in/reports/health_centers/src-7652,FY 2022-23,2024-02-05,2024-02-14,PMJAY_Health_Centers_Coverage.pdf,PDF,"Tracking impaneled health centers, beneficiary golden cards issued, and claim disbursements.",Validated against NHA portal records.
SRC-2354,National Highways Infrastructure Development Progress,Ministry of Road Transport and Highways,Department of Road Transport and Highways,https://morth.nic.in/dataset/highway_construction/src-2354,FY 2023-24,2024-05-03,2024-05-14,NHDP_Highway_Corridor_Progress.xlsx,PDF,"National highway expansion, land acquisition status, budget releases, and physical completion metrics.",Compiled from regional highway authority updates.
SRC-1762,National Highways Infrastructure Development Progress,Ministry of Road Transport and Highways,Department of Road Transport and Highways,https://morth.nic.in/dataset/highway_construction/src-1762,FY 2023-24,2023-04-27,2023-05-21,NHDP_Highway_Corridor_Progress.xlsx,XLSX,"National highway expansion, land acquisition status, budget releases, and physical completion metrics.",Compiled from regional highway authority updates.
SRC-4939,PMAY-G Housing Progress & Expenditure Report,Ministry of Rural Development,Department of Rural Development,https://omms.nic.in/reports/pmgsy_road_progress/src-4939,FY 2023-24,2024-03-22,2024-03-26,PMAYG_District_Report_2024.pdf,CSV,"Contains project progress, housing sanctions, road length completed, and fund allocations across rural districts.",Direct export from Ministry dashboard.
SRC-4803,PM-POSHAN School Kitchen Infrastructure & Coverage Dataset,Ministry of Education,Department of School Education and Literacy,https://pmposhan.education.gov.in/reports/kitchen_infra/src-4803,FY 2023-24,2023-06-16,2023-07-12,PM_POSHAN_Coverage_Metrics.csv,XLSX,"Details school kitchen construction, meal distribution reach, and central/state fund utilization.",Aggregated from UDISE+ school reporting portal.
SRC-2404,Ayushman Bharat Health Infrastructure & Beneficiary Dataset,Ministry of Health and Family Welfare,Department of Health and Family Welfare,https://dashboard.pmjay.gov.in/reports/health_centers/src-2404,FY 2023-24,2023-03-16,2023-03-24,Ayushman_Beneficiary_Enrollments.csv,CSV,"Tracking impaneled health centers, beneficiary golden cards issued, and claim disbursements.",Validated against NHA portal records.
SRC-5419,PM-KISAN Disbursement Register & Beneficiary Coverage,Ministry of Agriculture,Department of Agriculture,https://pmkisan.gov.in/data/disbursement_register/src-5419,FY 2023-24,2023-11-09,2023-12-07,PMKISAN_Farmer_Disbursements.xlsx,XLSX,"Direct benefit transfer (DBT) records, farmer enrollment counts, and financial year disbursements.",DBT portal transaction logs aggregated.
SRC-5911,National Highways Infrastructure Development Progress,Ministry of Road Transport and Highways,Department of Road Transport and Highways,https://morth.nic.in/dataset/highway_construction/src-5911,FY 2023-24,2024-04-06,2024-04-16,MoRTH_Project_Status_Report.pdf,XLSX,"National highway expansion, land acquisition status, budget releases, and physical completion metrics.",Compiled from regional highway authority updates.
SRC-8055,National Highways Infrastructure Development Progress,Ministry of Road Transport and Highways,Department of Road Transport and Highways,https://morth.nic.in/dataset/highway_construction/src-8055,FY 2022-23,2023-11-24,2023-12-08,MoRTH_Project_Status_Report.pdf,PDF,"National highway expansion, land acquisition status, budget releases, and physical completion metrics.",Compiled from regional highway authority updates.
SRC-5592,PM-KISAN Disbursement Register & Beneficiary Coverage,Ministry of Agriculture,Department of Agriculture,https://pmkisan.gov.in/data/disbursement_register/src-5592,FY 2022-23,2024-03-12,2024-03-28,PMKISAN_District_Coverage.csv,XLSX,"Direct benefit transfer (DBT) records, farmer enrollment counts, and financial year disbursements.",Audited financial dataset.
SRC-3280,Ayushman Bharat Health Infrastructure & Beneficiary Dataset,Ministry of Health and Family Welfare,Department of Health and Family Welfare,https://dashboard.pmjay.gov.in/reports/health_centers/src-3280,FY 2023-24,2023-10-22,2023-11-01,Ayushman_Beneficiary_Enrollments.csv,JSON,"Tracking impaneled health centers, beneficiary golden cards issued, and claim disbursements.",Validated against NHA portal records.
SRC-6890,Poshan Abhiyaan Child Nutrition & Anganwadi Infrastructure,Ministry of Women and Child Development,Department of Women and Child Development,https://poshanabhiyaan.gov.in/reports/nutrition_tracker/src-6890,FY 2021-22,2023-10-17,2023-11-14,MWCD_Scheme_Monitoring_Data.csv,CSV,"Anganwadi center infrastructure, nutrition status tracking, and target beneficiary coverage.",Scraped from Poshan Tracker dashboard.
SRC-8303,Poshan Abhiyaan Child Nutrition & Anganwadi Infrastructure,Ministry of Women and Child Development,Department of Women and Child Development,https://poshanabhiyaan.gov.in/reports/nutrition_tracker/src-8303,FY 2021-22,2023-04-23,2023-05-14,MWCD_Scheme_Monitoring_Data.csv,PDF,"Anganwadi center infrastructure, nutrition status tracking, and target beneficiary coverage.",Quarterly district summary.
SRC-6707,Ayushman Bharat Health Infrastructure & Beneficiary Dataset,Ministry of Health and Family Welfare,Department of Health and Family Welfare,https://dashboard.pmjay.gov.in/reports/health_centers/src-6707,FY 2022-23,2024-04-07,2024-04-28,PMJAY_Health_Centers_Coverage.pdf,JSON,"Tracking impaneled health centers, beneficiary golden cards issued, and claim disbursements.",Extracted via OCR from quarterly state health reports.
SRC-3692,Ayushman Bharat Health Infrastructure & Beneficiary Dataset,Ministry of Health and Family Welfare,Department of Health and Family Welfare,https://dashboard.pmjay.gov.in/reports/health_centers/src-3692,FY 2022-23,2024-01-10,2024-01-15,Ayushman_Beneficiary_Enrollments.csv,PDF,"Tracking impaneled health centers, beneficiary golden cards issued, and claim disbursements.",Validated against NHA portal records.
SRC-8365,Poshan Abhiyaan Child Nutrition & Anganwadi Infrastructure,Ministry of Women and Child Development,Department of Women and Child Development,https://poshanabhiyaan.gov.in/reports/nutrition_tracker/src-8365,FY 2022-23,2023-04-13,2023-04-18,MWCD_Scheme_Monitoring_Data.csv,CSV,"Anganwadi center infrastructure, nutrition status tracking, and target beneficiary coverage.",Scraped from Poshan Tracker dashboard.
SRC-6340,PM-POSHAN School Kitchen Infrastructure & Coverage Dataset,Ministry of Education,Department of School Education and Literacy,https://pmposhan.education.gov.in/reports/kitchen_infra/src-6340,FY 2022-23,2024-05-10,2024-06-05,PMPOSHAN_Kitchen_Assets.xlsx,CSV,"Details school kitchen construction, meal distribution reach, and central/state fund utilization.",Monthly coverage summary.
SRC-8501,Jal Jeevan Mission Tap Connection & Outlay Dataset,Ministry of Jal Shakti,Department of Drinking Water and Sanitation,https://ejalshakti.gov.in/jjmreport/water_coverage/src-8501,FY 2021-22,2023-03-14,2023-04-08,JJM_Village_Tap_Coverage.csv,XLSX,"Includes village-level household tap water connections, infrastructure status, and fund releases.",Raw data API dump from JJM Dashboard.
SRC-7852,PM-POSHAN School Kitchen Infrastructure & Coverage Dataset,Ministry of Education,Department of School Education and Literacy,https://pmposhan.education.gov.in/reports/kitchen_infra/src-7852,FY 2023-24,2023-01-08,2023-01-17,PM_POSHAN_Coverage_Metrics.csv,XLSX,"Details school kitchen construction, meal distribution reach, and central/state fund utilization.",Monthly coverage summary.
SRC-6882,PM-POSHAN School Kitchen Infrastructure & Coverage Dataset,Ministry of Education,Department of School Education and Literacy,https://pmposhan.education.gov.in/reports/kitchen_infra/src-6882,FY 2022-23,2024-02-26,2024-03-18,PM_POSHAN_Coverage_Metrics.csv,CSV,"Details school kitchen construction, meal distribution reach, and central/state fund utilization.",Monthly coverage summary.
SRC-4613,PMGSY Rural Road Construction Dataset,Ministry of Rural Development,Department of Rural Development,https://data.gov.in/dataset/pmayg-progress-report/src-4613,FY 2021-22,2023-11-14,2023-12-13,PMAYG_District_Report_2024.pdf,XLSX,"Contains project progress, housing sanctions, road length completed, and fund allocations across rural districts.",Extracted from central OMMS portal.
SRC-8231,PMGSY Rural Road Construction Dataset,Ministry of Rural Development,Department of Rural Development,https://data.gov.in/dataset/pmayg-progress-report/src-8231,FY 2021-22,2024-04-10,2024-05-03,PMAYG_District_Report_2024.pdf,CSV,"Contains project progress, housing sanctions, road length completed, and fund allocations across rural districts.",Scraped from monthly state progress PDFs.
SRC-8015,PM-POSHAN School Kitchen Infrastructure & Coverage Dataset,Ministry of Education,Department of School Education and Literacy,https://pmposhan.education.gov.in/reports/kitchen_infra/src-8015,FY 2022-23,2024-04-29,2024-05-01,PMPOSHAN_Kitchen_Assets.xlsx,XLSX,"Details school kitchen construction, meal distribution reach, and central/state fund utilization.",Aggregated from UDISE+ school reporting portal.
SRC-3221,Jal Jeevan Mission Tap Connection & Outlay Dataset,Ministry of Jal Shakti,Department of Drinking Water and Sanitation,https://ejalshakti.gov.in/jjmreport/water_coverage/src-3221,FY 2023-24,2024-03-30,2024-04-17,JJM_Village_Tap_Coverage.csv,CSV,"Includes village-level household tap water connections, infrastructure status, and fund releases.",Raw data API dump from JJM Dashboard.
SRC-5402,PM-KISAN Disbursement Register & Beneficiary Coverage,Ministry of Agriculture,Department of Agriculture,https://pmkisan.gov.in/data/disbursement_register/src-5402,FY 2023-24,2023-10-28,2023-11-21,PMKISAN_District_Coverage.csv,CSV,"Direct benefit transfer (DBT) records, farmer enrollment counts, and financial year disbursements.",Audited financial dataset.
SRC-1040,Poshan Abhiyaan Child Nutrition & Anganwadi Infrastructure,Ministry of Women and Child Development,Department of Women and Child Development,https://poshanabhiyaan.gov.in/reports/nutrition_tracker/src-1040,FY 2022-23,2024-04-25,2024-05-04,Poshan_Tracker_Anganwadi_Metrics.pdf,CSV,"Anganwadi center infrastructure, nutrition status tracking, and target beneficiary coverage.",Quarterly district summary.
SRC-8951,PM-KISAN Disbursement Register & Beneficiary Coverage,Ministry of Agriculture,Department of Agriculture,https://pmkisan.gov.in/data/disbursement_register/src-8951,FY 2023-24,2024-05-01,2024-05-09,PMKISAN_Farmer_Disbursements.xlsx,CSV,"Direct benefit transfer (DBT) records, farmer enrollment counts, and financial year disbursements.",Audited financial dataset.
SRC-5945,PM-KISAN Disbursement Register & Beneficiary Coverage,Ministry of Agriculture,Department of Agriculture,https://pmkisan.gov.in/data/disbursement_register/src-5945,FY 2023-24,2023-02-01,2023-02-14,PMKISAN_District_Coverage.csv,JSON,"Direct benefit transfer (DBT) records, farmer enrollment counts, and financial year disbursements.",Audited financial dataset.
SRC-2559,Jal Jeevan Mission Tap Connection & Outlay Dataset,Ministry of Jal Shakti,Department of Drinking Water and Sanitation,https://ejalshakti.gov.in/jjmreport/water_coverage/src-2559,FY 2021-22,2023-12-06,2023-12-13,JJM_Village_Tap_Coverage.csv,XLSX,"Includes village-level household tap water connections, infrastructure status, and fund releases.",Raw data API dump from JJM Dashboard.
SRC-2678,PMAY-G Housing Progress & Expenditure Report,Ministry of Rural Development,Department of Rural Development,https://data.gov.in/dataset/pmayg-progress-report/src-2678,FY 2022-23,2024-02-07,2024-02-26,PMGSY_Physical_Financial_Progress.xlsx,PDF,"Contains project progress, housing sanctions, road length completed, and fund allocations across rural districts.",Extracted from central OMMS portal.
SRC-3480,Ayushman Bharat Health Infrastructure & Beneficiary Dataset,Ministry of Health and Family Welfare,Department of Health and Family Welfare,https://dashboard.pmjay.gov.in/reports/health_centers/src-3480,FY 2023-24,2024-02-21,2024-03-20,PMJAY_Health_Centers_Coverage.pdf,JSON,"Tracking impaneled health centers, beneficiary golden cards issued, and claim disbursements.",Extracted via OCR from quarterly state health reports.
SRC-5059,National Highways Infrastructure Development Progress,Ministry of Road Transport and Highways,Department of Road Transport and Highways,https://morth.nic.in/dataset/highway_construction/src-5059,FY 2023-24,2024-03-15,2024-03-20,NHDP_Highway_Corridor_Progress.xlsx,XLSX,"National highway expansion, land acquisition status, budget releases, and physical completion metrics.",Compiled from regional highway authority updates.
SRC-7322,Ayushman Bharat Health Infrastructure & Beneficiary Dataset,Ministry of Health and Family Welfare,Department of Health and Family Welfare,https://dashboard.pmjay.gov.in/reports/health_centers/src-7322,FY 2021-22,2023-03-09,2023-03-10,PMJAY_Health_Centers_Coverage.pdf,PDF,"Tracking impaneled health centers, beneficiary golden cards issued, and claim disbursements.",Extracted via OCR from quarterly state health reports.
SRC-1273,PMGSY Rural Road Construction Dataset,Ministry of Rural Development,Department of Rural Development,https://data.gov.in/dataset/pmayg-progress-report/src-1273,FY 2022-23,2023-05-16,2023-05-18,PMGSY_Physical_Financial_Progress.xlsx,PDF,"Contains project progress, housing sanctions, road length completed, and fund allocations across rural districts.",Extracted from central OMMS portal.
SRC-6077,PM-POSHAN School Kitchen Infrastructure & Coverage Dataset,Ministry of Education,Department of School Education and Literacy,https://pmposhan.education.gov.in/reports/kitchen_infra/src-6077,FY 2021-22,2023-08-18,2023-09-12,PMPOSHAN_Kitchen_Assets.xlsx,XLSX,"Details school kitchen construction, meal distribution reach, and central/state fund utilization.",Monthly coverage summary.
SRC-2900,PMGSY Rural Road Construction Dataset,Ministry of Rural Development,Department of Rural Development,https://data.gov.in/dataset/pmayg-progress-report/src-2900,FY 2023-24,2024-04-29,2024-05-19,PMGSY_Physical_Financial_Progress.xlsx,CSV,"Contains project progress, housing sanctions, road length completed, and fund allocations across rural districts.",Extracted from central OMMS portal.
SRC-3079,PM-POSHAN School Kitchen Infrastructure & Coverage Dataset,Ministry of Education,Department of School Education and Literacy,https://pmposhan.education.gov.in/reports/kitchen_infra/src-3079,FY 2022-23,2023-09-03,2023-10-01,PM_POSHAN_Coverage_Metrics.csv,XLSX,"Details school kitchen construction, meal distribution reach, and central/state fund utilization.",Aggregated from UDISE+ school reporting portal.
SRC-7024,Poshan Abhiyaan Child Nutrition & Anganwadi Infrastructure,Ministry of Women and Child Development,Department of Women and Child Development,https://poshanabhiyaan.gov.in/reports/nutrition_tracker/src-7024,FY 2023-24,2023-02-07,2023-03-08,Poshan_Tracker_Anganwadi_Metrics.pdf,CSV,"Anganwadi center infrastructure, nutrition status tracking, and target beneficiary coverage.",Quarterly district summary.
SRC-7870,Jal Jeevan Mission Tap Connection & Outlay Dataset,Ministry of Jal Shakti,Department of Drinking Water and Sanitation,https://ejalshakti.gov.in/jjmreport/water_coverage/src-7870,FY 2023-24,2023-05-21,2023-06-10,JJM_Village_Tap_Coverage.csv,CSV,"Includes village-level household tap water connections, infrastructure status, and fund releases.",Raw data API dump from JJM Dashboard.
SRC-6362,Jal Jeevan Mission Tap Connection & Outlay Dataset,Ministry of Jal Shakti,Department of Drinking Water and Sanitation,https://ejalshakti.gov.in/jjmreport/water_coverage/src-6362,FY 2021-22,2023-02-20,2023-03-18,JJM_District_Financial_Outlays.xlsx,XLSX,"Includes village-level household tap water connections, infrastructure status, and fund releases.",Harmonized state-wise pipeline records.
SRC-3466,PMAY-G Housing Progress & Expenditure Report,Ministry of Rural Development,Department of Rural Development,https://data.gov.in/dataset/pmayg-progress-report/src-3466,FY 2021-22,2023-07-31,2023-08-11,PMGSY_Physical_Financial_Progress.xlsx,XLSX,"Contains project progress, housing sanctions, road length completed, and fund allocations across rural districts.",Extracted from central OMMS portal.
SRC-9680,PMGSY Rural Road Construction Dataset,Ministry of Rural Development,Department of Rural Development,https://omms.nic.in/reports/pmgsy_road_progress/src-9680,FY 2021-22,2023-06-10,2023-06-24,PMGSY_Physical_Financial_Progress.xlsx,CSV,"Contains project progress, housing sanctions, road length completed, and fund allocations across rural districts.",Extracted from central OMMS portal.
SRC-8511,Jal Jeevan Mission Tap Connection & Outlay Dataset,Ministry of Jal Shakti,Department of Drinking Water and Sanitation,https://ejalshakti.gov.in/jjmreport/water_coverage/src-8511,FY 2022-23,2023-02-04,2023-02-07,JJM_District_Financial_Outlays.xlsx,CSV,"Includes village-level household tap water connections, infrastructure status, and fund releases.",Harmonized state-wise pipeline records.
SRC-6211,Poshan Abhiyaan Child Nutrition & Anganwadi Infrastructure,Ministry of Women and Child Development,Department of Women and Child Development,https://poshanabhiyaan.gov.in/reports/nutrition_tracker/src-6211,FY 2022-23,2024-02-20,2024-02-25,MWCD_Scheme_Monitoring_Data.csv,PDF,"Anganwadi center infrastructure, nutrition status tracking, and target beneficiary coverage.",Quarterly district summary.
SRC-8591,National Highways Infrastructure Development Progress,Ministry of Road Transport and Highways,Department of Road Transport and Highways,https://morth.nic.in/dataset/highway_construction/src-8591,FY 2021-22,2024-03-23,2024-04-14,NHDP_Highway_Corridor_Progress.xlsx,PDF,"National highway expansion, land acquisition status, budget releases, and physical completion metrics.",Compiled from regional highway authority updates.
SRC-5262,Ayushman Bharat Health Infrastructure & Beneficiary Dataset,Ministry of Health and Family Welfare,Department of Health and Family Welfare,https://dashboard.pmjay.gov.in/reports/health_centers/src-5262,FY 2021-22,2023-06-30,2023-07-04,Ayushman_Beneficiary_Enrollments.csv,JSON,"Tracking impaneled health centers, beneficiary golden cards issued, and claim disbursements.",Validated against NHA portal records.
SRC-7563,PM-KISAN Disbursement Register & Beneficiary Coverage,Ministry of Agriculture,Department of Agriculture,https://pmkisan.gov.in/data/disbursement_register/src-7563,FY 2021-22,2023-06-29,2023-07-27,PMKISAN_District_Coverage.csv,XLSX,"Direct benefit transfer (DBT) records, farmer enrollment counts, and financial year disbursements.",DBT portal transaction logs aggregated.
SRC-7471,Ayushman Bharat Health Infrastructure & Beneficiary Dataset,Ministry of Health and Family Welfare,Department of Health and Family Welfare,https://dashboard.pmjay.gov.in/reports/health_centers/src-7471,FY 2022-23,2024-02-18,2024-03-03,Ayushman_Beneficiary_Enrollments.csv,JSON,"Tracking impaneled health centers, beneficiary golden cards issued, and claim disbursements.",Extracted via OCR from quarterly state health reports.
SRC-9173,PMAY-G Housing Progress & Expenditure Report,Ministry of Rural Development,Department of Rural Development,https://omms.nic.in/reports/pmgsy_road_progress/src-9173,FY 2023-24,2023-12-26,2024-01-20,PMAYG_District_Report_2024.pdf,PDF,"Contains project progress, housing sanctions, road length completed, and fund allocations across rural districts.",Scraped from monthly state progress PDFs.
SRC-6883,National Highways Infrastructure Development Progress,Ministry of Road Transport and Highways,Department of Road Transport and Highways,https://morth.nic.in/dataset/highway_construction/src-6883,FY 2021-22,2024-03-21,2024-03-26,MoRTH_Project_Status_Report.pdf,XLSX,"National highway expansion, land acquisition status, budget releases, and physical completion metrics.",Includes CAG audit status notes.
SRC-9674,National Highways Infrastructure Development Progress,Ministry of Road Transport and Highways,Department of Road Transport and Highways,https://morth.nic.in/dataset/highway_construction/src-9674,FY 2022-23,2024-01-18,2024-02-04,NHDP_Highway_Corridor_Progress.xlsx,XLSX,"National highway expansion, land acquisition status, budget releases, and physical completion metrics.",Includes CAG audit status notes.
SRC-6210,Ayushman Bharat Health Infrastructure & Beneficiary Dataset,Ministry of Health and Family Welfare,Department of Health and Family Welfare,https://dashboard.pmjay.gov.in/reports/health_centers/src-6210,FY 2023-24,2023-03-22,2023-04-03,Ayushman_Beneficiary_Enrollments.csv,CSV,"Tracking impaneled health centers, beneficiary golden cards issued, and claim disbursements.",Validated against NHA portal records.
SRC-4584,PM-KISAN Disbursement Register & Beneficiary Coverage,Ministry of Agriculture,Department of Agriculture,https://pmkisan.gov.in/data/disbursement_register/src-4584,FY 2023-24,2023-03-22,2023-04-16,PMKISAN_Farmer_Disbursements.xlsx,XLSX,"Direct benefit transfer (DBT) records, farmer enrollment counts, and financial year disbursements.",DBT portal transaction logs aggregated.
SRC-3420,PMAY-G Housing Progress & Expenditure Report,Ministry of Rural Development,Department of Rural Development,https://data.gov.in/dataset/pmayg-progress-report/src-3420,FY 2021-22,2023-08-06,2023-08-22,PMGSY_Physical_Financial_Progress.xlsx,XLSX,"Contains project progress, housing sanctions, road length completed, and fund allocations across rural districts.",Direct export from Ministry dashboard.
SRC-6198,PM-POSHAN School Kitchen Infrastructure & Coverage Dataset,Ministry of Education,Department of School Education and Literacy,https://pmposhan.education.gov.in/reports/kitchen_infra/src-6198,FY 2023-24,2023-06-26,2023-07-10,PM_POSHAN_Coverage_Metrics.csv,XLSX,"Details school kitchen construction, meal distribution reach, and central/state fund utilization.",Aggregated from UDISE+ school reporting portal.
SRC-3983,Jal Jeevan Mission Tap Connection & Outlay Dataset,Ministry of Jal Shakti,Department of Drinking Water and Sanitation,https://ejalshakti.gov.in/jjmreport/water_coverage/src-3983,FY 2021-22,2023-04-23,2023-05-06,JJM_District_Financial_Outlays.xlsx,XLSX,"Includes village-level household tap water connections, infrastructure status, and fund releases.",Raw data API dump from JJM Dashboard.
SRC-8317,PM-POSHAN School Kitchen Infrastructure & Coverage Dataset,Ministry of Education,Department of School Education and Literacy,https://pmposhan.education.gov.in/reports/kitchen_infra/src-8317,FY 2023-24,2024-01-28,2024-02-02,PMPOSHAN_Kitchen_Assets.xlsx,CSV,"Details school kitchen construction, meal distribution reach, and central/state fund utilization.",Aggregated from UDISE+ school reporting portal.
SRC-6754,PMGSY Rural Road Construction Dataset,Ministry of Rural Development,Department of Rural Development,https://omms.nic.in/reports/pmgsy_road_progress/src-6754,FY 2021-22,2023-09-12,2023-10-06,PMGSY_Physical_Financial_Progress.xlsx,PDF,"Contains project progress, housing sanctions, road length completed, and fund allocations across rural districts.",Extracted from central OMMS portal.
SRC-3787,PM-POSHAN School Kitchen Infrastructure & Coverage Dataset,Ministry of Education,Department of School Education and Literacy,https://pmposhan.education.gov.in/reports/kitchen_infra/src-3787,FY 2021-22,2023-09-14,2023-10-02,PMPOSHAN_Kitchen_Assets.xlsx,CSV,"Details school kitchen construction, meal distribution reach, and central/state fund utilization.",Aggregated from UDISE+ school reporting portal.
SRC-6424,National Highways Infrastructure Development Progress,Ministry of Road Transport and Highways,Department of Road Transport and Highways,https://morth.nic.in/dataset/highway_construction/src-6424,FY 2023-24,2023-01-10,2023-01-25,MoRTH_Project_Status_Report.pdf,XLSX,"National highway expansion, land acquisition status, budget releases, and physical completion metrics.",Compiled from regional highway authority updates.
SRC-1893,Jal Jeevan Mission Tap Connection & Outlay Dataset,Ministry of Jal Shakti,Department of Drinking Water and Sanitation,https://ejalshakti.gov.in/jjmreport/water_coverage/src-1893,FY 2023-24,2023-05-29,2023-06-02,JJM_District_Financial_Outlays.xlsx,XLSX,"Includes village-level household tap water connections, infrastructure status, and fund releases.",Harmonized state-wise pipeline records.
SRC-5341,Ayushman Bharat Health Infrastructure & Beneficiary Dataset,Ministry of Health and Family Welfare,Department of Health and Family Welfare,https://dashboard.pmjay.gov.in/reports/health_centers/src-5341,FY 2022-23,2024-03-01,2024-03-24,Ayushman_Beneficiary_Enrollments.csv,PDF,"Tracking impaneled health centers, beneficiary golden cards issued, and claim disbursements.",Validated against NHA portal records.
SRC-3476,PMGSY Rural Road Construction Dataset,Ministry of Rural Development,Department of Rural Development,https://data.gov.in/dataset/pmayg-progress-report/src-3476,FY 2021-22,2023-08-12,2023-08-31,PMGSY_Physical_Financial_Progress.xlsx,PDF,"Contains project progress, housing sanctions, road length completed, and fund allocations across rural districts.",Extracted from central OMMS portal.
SRC-8803,PM-KISAN Disbursement Register & Beneficiary Coverage,Ministry of Agriculture,Department of Agriculture,https://pmkisan.gov.in/data/disbursement_register/src-8803,FY 2021-22,2023-04-24,2023-05-05,PMKISAN_District_Coverage.csv,CSV,"Direct benefit transfer (DBT) records, farmer enrollment counts, and financial year disbursements.",Audited financial dataset.
SRC-1699,Ayushman Bharat Health Infrastructure & Beneficiary Dataset,Ministry of Health and Family Welfare,Department of Health and Family Welfare,https://dashboard.pmjay.gov.in/reports/health_centers/src-1699,FY 2022-23,2024-04-08,2024-05-03,PMJAY_Health_Centers_Coverage.pdf,JSON,"Tracking impaneled health centers, beneficiary golden cards issued, and claim disbursements.",Extracted via OCR from quarterly state health reports.
SRC-9561,National Highways Infrastructure Development Progress,Ministry of Road Transport and Highways,Department of Road Transport and Highways,https://morth.nic.in/dataset/highway_construction/src-9561,FY 2023-24,2023-03-16,2023-03-25,NHDP_Highway_Corridor_Progress.xlsx,XLSX,"National highway expansion, land acquisition status, budget releases, and physical completion metrics.",Includes CAG audit status notes.
SRC-7275,PM-KISAN Disbursement Register & Beneficiary Coverage,Ministry of Agriculture,Department of Agriculture,https://pmkisan.gov.in/data/disbursement_register/src-7275,FY 2021-22,2023-04-01,2023-04-26,PMKISAN_Farmer_Disbursements.xlsx,JSON,"Direct benefit transfer (DBT) records, farmer enrollment counts, and financial year disbursements.",DBT portal transaction logs aggregated.
SRC-4892,Poshan Abhiyaan Child Nutrition & Anganwadi Infrastructure,Ministry of Women and Child Development,Department of Women and Child Development,https://poshanabhiyaan.gov.in/reports/nutrition_tracker/src-4892,FY 2022-23,2023-03-19,2023-04-03,MWCD_Scheme_Monitoring_Data.csv,CSV,"Anganwadi center infrastructure, nutrition status tracking, and target beneficiary coverage.",Quarterly district summary.
SRC-5923,Poshan Abhiyaan Child Nutrition & Anganwadi Infrastructure,Ministry of Women and Child Development,Department of Women and Child Development,https://poshanabhiyaan.gov.in/reports/nutrition_tracker/src-5923,FY 2023-24,2023-10-30,2023-11-01,MWCD_Scheme_Monitoring_Data.csv,CSV,"Anganwadi center infrastructure, nutrition status tracking, and target beneficiary coverage.",Quarterly district summary.
SRC-9462,Poshan Abhiyaan Child Nutrition & Anganwadi Infrastructure,Ministry of Women and Child Development,Department of Women and Child Development,https://poshanabhiyaan.gov.in/reports/nutrition_tracker/src-9462,FY 2023-24,2023-01-20,2023-01-22,MWCD_Scheme_Monitoring_Data.csv,CSV,"Anganwadi center infrastructure, nutrition status tracking, and target beneficiary coverage.",Quarterly district summary.
SRC-1541,PM-KISAN Disbursement Register & Beneficiary Coverage,Ministry of Agriculture,Department of Agriculture,https://pmkisan.gov.in/data/disbursement_register/src-1541,FY 2023-24,2023-11-11,2023-12-01,PMKISAN_Farmer_Disbursements.xlsx,JSON,"Direct benefit transfer (DBT) records, farmer enrollment counts, and financial year disbursements.",DBT portal transaction logs aggregated.
SRC-6640,National Highways Infrastructure Development Progress,Ministry of Road Transport and Highways,Department of Road Transport and Highways,https://morth.nic.in/dataset/highway_construction/src-6640,FY 2023-24,2023-06-14,2023-07-04,NHDP_Highway_Corridor_Progress.xlsx,PDF,"National highway expansion, land acquisition status, budget releases, and physical completion metrics.",Includes CAG audit status notes.
SRC-1145,Jal Jeevan Mission Tap Connection & Outlay Dataset,Ministry of Jal Shakti,Department of Drinking Water and Sanitation,https://ejalshakti.gov.in/jjmreport/water_coverage/src-1145,FY 2023-24,2024-02-20,2024-03-20,JJM_Village_Tap_Coverage.csv,XLSX,"Includes village-level household tap water connections, infrastructure status, and fund releases.",Raw data API dump from JJM Dashboard.
SRC-2676,Jal Jeevan Mission Tap Connection & Outlay Dataset,Ministry of Jal Shakti,Department of Drinking Water and Sanitation,https://ejalshakti.gov.in/jjmreport/water_coverage/src-2676,FY 2022-23,2023-12-29,2024-01-13,JJM_Village_Tap_Coverage.csv,CSV,"Includes village-level household tap water connections, infrastructure status, and fund releases.",Raw data API dump from JJM Dashboard.
SRC-9475,PMGSY Rural Road Construction Dataset,Ministry of Rural Development,Department of Rural Development,https://data.gov.in/dataset/pmayg-progress-report/src-9475,FY 2022-23,2023-07-18,2023-08-01,PMGSY_Physical_Financial_Progress.xlsx,XLSX,"Contains project progress, housing sanctions, road length completed, and fund allocations across rural districts.",Scraped from monthly state progress PDFs.
SRC-6622,PM-KISAN Disbursement Register & Beneficiary Coverage,Ministry of Agriculture,Department of Agriculture,https://pmkisan.gov.in/data/disbursement_register/src-6622,FY 2023-24,2023-02-18,2023-03-08,PMKISAN_District_Coverage.csv,XLSX,"Direct benefit transfer (DBT) records, farmer enrollment counts, and financial year disbursements.",Audited financial dataset.
SRC-3999,Poshan Abhiyaan Child Nutrition & Anganwadi Infrastructure,Ministry of Women and Child Development,Department of Women and Child Development,https://poshanabhiyaan.gov.in/reports/nutrition_tracker/src-3999,FY 2023-24,2023-02-11,2023-03-02,MWCD_Scheme_Monitoring_Data.csv,PDF,"Anganwadi center infrastructure, nutrition status tracking, and target beneficiary coverage.",Quarterly district summary.
SRC-8736,Poshan Abhiyaan Child Nutrition & Anganwadi Infrastructure,Ministry of Women and Child Development,Department of Women and Child Development,https://poshanabhiyaan.gov.in/reports/nutrition_tracker/src-8736,FY 2023-24,2023-11-01,2023-11-24,MWCD_Scheme_Monitoring_Data.csv,CSV,"Anganwadi center infrastructure, nutrition status tracking, and target beneficiary coverage.",Scraped from Poshan Tracker dashboard.
SRC-6449,Jal Jeevan Mission Tap Connection & Outlay Dataset,Ministry of Jal Shakti,Department of Drinking Water and Sanitation,https://ejalshakti.gov.in/jjmreport/water_coverage/src-6449,FY 2023-24,2023-12-10,2024-01-02,JJM_District_Financial_Outlays.xlsx,XLSX,"Includes village-level household tap water connections, infrastructure status, and fund releases.",Raw data API dump from JJM Dashboard.
SRC-8035,Poshan Abhiyaan Child Nutrition & Anganwadi Infrastructure,Ministry of Women and Child Development,Department of Women and Child Development,https://poshanabhiyaan.gov.in/reports/nutrition_tracker/src-8035,FY 2022-23,2023-06-08,2023-06-14,MWCD_Scheme_Monitoring_Data.csv,PDF,"Anganwadi center infrastructure, nutrition status tracking, and target beneficiary coverage.",Quarterly district summary.
SRC-1067,National Highways Infrastructure Development Progress,Ministry of Road Transport and Highways,Department of Road Transport and Highways,https://morth.nic.in/dataset/highway_construction/src-1067,FY 2023-24,2023-03-12,2023-03-17,MoRTH_Project_Status_Report.pdf,XLSX,"National highway expansion, land acquisition status, budget releases, and physical completion metrics.",Includes CAG audit status notes.
SRC-8105,Poshan Abhiyaan Child Nutrition & Anganwadi Infrastructure,Ministry of Women and Child Development,Department of Women and Child Development,https://poshanabhiyaan.gov.in/reports/nutrition_tracker/src-8105,FY 2021-22,2024-03-24,2024-04-18,Poshan_Tracker_Anganwadi_Metrics.pdf,PDF,"Anganwadi center infrastructure, nutrition status tracking, and target beneficiary coverage.",Quarterly district summary.
SRC-3017,Poshan Abhiyaan Child Nutrition & Anganwadi Infrastructure,Ministry of Women and Child Development,Department of Women and Child Development,https://poshanabhiyaan.gov.in/reports/nutrition_tracker/src-3017,FY 2022-23,2024-03-01,2024-03-24,Poshan_Tracker_Anganwadi_Metrics.pdf,PDF,"Anganwadi center infrastructure, nutrition status tracking, and target beneficiary coverage.",Scraped from Poshan Tracker dashboard.
SRC-8772,Ayushman Bharat Health Infrastructure & Beneficiary Dataset,Ministry of Health and Family Welfare,Department of Health and Family Welfare,https://dashboard.pmjay.gov.in/reports/health_centers/src-8772,FY 2022-23,2023-12-13,2024-01-06,PMJAY_Health_Centers_Coverage.pdf,CSV,"Tracking impaneled health centers, beneficiary golden cards issued, and claim disbursements.",Validated against NHA portal records.
SRC-5631,Poshan Abhiyaan Child Nutrition & Anganwadi Infrastructure,Ministry of Women and Child Development,Department of Women and Child Development,https://poshanabhiyaan.gov.in/reports/nutrition_tracker/src-5631,FY 2021-22,2023-10-01,2023-10-09,MWCD_Scheme_Monitoring_Data.csv,CSV,"Anganwadi center infrastructure, nutrition status tracking, and target beneficiary coverage.",Scraped from Poshan Tracker dashboard.
SRC-1044,PM-KISAN Disbursement Register & Beneficiary Coverage,Ministry of Agriculture,Department of Agriculture,https://pmkisan.gov.in/data/disbursement_register/src-1044,FY 2022-23,2023-08-25,2023-09-19,PMKISAN_Farmer_Disbursements.xlsx,CSV,"Direct benefit transfer (DBT) records, farmer enrollment counts, and financial year disbursements.",Audited financial dataset.
SRC-1820,PMGSY Rural Road Construction Dataset,Ministry of Rural Development,Department of Rural Development,https://omms.nic.in/reports/pmgsy_road_progress/src-1820,FY 2023-24,2024-02-15,2024-03-06,PMGSY_Physical_Financial_Progress.xlsx,PDF,"Contains project progress, housing sanctions, road length completed, and fund allocations across rural districts.",Extracted from central OMMS portal.
SRC-8171,PMAY-G Housing Progress & Expenditure Report,Ministry of Rural Development,Department of Rural Development,https://omms.nic.in/reports/pmgsy_road_progress/src-8171,FY 2023-24,2024-03-23,2024-04-04,PMAYG_District_Report_2024.pdf,CSV,"Contains project progress, housing sanctions, road length completed, and fund allocations across rural districts.",Scraped from monthly state progress PDFs.
SRC-1960,PM-POSHAN School Kitchen Infrastructure & Coverage Dataset,Ministry of Education,Department of School Education and Literacy,https://pmposhan.education.gov.in/reports/kitchen_infra/src-1960,FY 2023-24,2023-05-20,2023-06-04,PM_POSHAN_Coverage_Metrics.csv,XLSX,"Details school kitchen construction, meal distribution reach, and central/state fund utilization.",Aggregated from UDISE+ school reporting portal.
SRC-2850,PM-KISAN Disbursement Register & Beneficiary Coverage,Ministry of Agriculture,Department of Agriculture,https://pmkisan.gov.in/data/disbursement_register/src-2850,FY 2021-22,2024-03-28,2024-04-09,PMKISAN_Farmer_Disbursements.xlsx,XLSX,"Direct benefit transfer (DBT) records, farmer enrollment counts, and financial year disbursements.",Audited financial dataset.
SRC-9504,National Highways Infrastructure Development Progress,Ministry of Road Transport and Highways,Department of Road Transport and Highways,https://morth.nic.in/dataset/highway_construction/src-9504,FY 2021-22,2023-05-01,2023-05-14,NHDP_Highway_Corridor_Progress.xlsx,PDF,"National highway expansion, land acquisition status, budget releases, and physical completion metrics.",Compiled from regional highway authority updates.
SRC-6253,Poshan Abhiyaan Child Nutrition & Anganwadi Infrastructure,Ministry of Women and Child Development,Department of Women and Child Development,https://poshanabhiyaan.gov.in/reports/nutrition_tracker/src-6253,FY 2022-23,2024-04-21,2024-04-25,Poshan_Tracker_Anganwadi_Metrics.pdf,PDF,"Anganwadi center infrastructure, nutrition status tracking, and target beneficiary coverage.",Quarterly district summary.
SRC-9148,Jal Jeevan Mission Tap Connection & Outlay Dataset,Ministry of Jal Shakti,Department of Drinking Water and Sanitation,https://ejalshakti.gov.in/jjmreport/water_coverage/src-9148,FY 2023-24,2024-04-14,2024-05-11,JJM_Village_Tap_Coverage.csv,CSV,"Includes village-level household tap water connections, infrastructure status, and fund releases.",Harmonized state-wise pipeline records.
SRC-8445,Poshan Abhiyaan Child Nutrition & Anganwadi Infrastructure,Ministry of Women and Child Development,Department of Women and Child Development,https://poshanabhiyaan.gov.in/reports/nutrition_tracker/src-8445,FY 2021-22,2024-04-08,2024-04-11,MWCD_Scheme_Monitoring_Data.csv,CSV,"Anganwadi center infrastructure, nutrition status tracking, and target beneficiary coverage.",Scraped from Poshan Tracker dashboard.
SRC-2741,Ayushman Bharat Health Infrastructure & Beneficiary Dataset,Ministry of Health and Family Welfare,Department of Health and Family Welfare,https://dashboard.pmjay.gov.in/reports/health_centers/src-2741,FY 2023-24,2023-02-26,2023-03-23,PMJAY_Health_Centers_Coverage.pdf,PDF,"Tracking impaneled health centers, beneficiary golden cards issued, and claim disbursements.",Validated against NHA portal records.
SRC-8381,PMGSY Rural Road Construction Dataset,Ministry of Rural Development,Department of Rural Development,https://data.gov.in/dataset/pmayg-progress-report/src-8381,FY 2022-23,2023-05-03,2023-05-17,PMGSY_Physical_Financial_Progress.xlsx,PDF,"Contains project progress, housing sanctions, road length completed, and fund allocations across rural districts.",Extracted from central OMMS portal.
SRC-6273,National Highways Infrastructure Development Progress,Ministry of Road Transport and Highways,Department of Road Transport and Highways,https://morth.nic.in/dataset/highway_construction/src-6273,FY 2023-24,2023-11-20,2023-12-07,NHDP_Highway_Corridor_Progress.xlsx,PDF,"National highway expansion, land acquisition status, budget releases, and physical completion metrics.",Includes CAG audit status notes.
SRC-9975,PM-POSHAN School Kitchen Infrastructure & Coverage Dataset,Ministry of Education,Department of School Education and Literacy,https://pmposhan.education.gov.in/reports/kitchen_infra/src-9975,FY 2022-23,2023-11-11,2023-11-23,PM_POSHAN_Coverage_Metrics.csv,CSV,"Details school kitchen construction, meal distribution reach, and central/state fund utilization.",Aggregated from UDISE+ school reporting portal.
SRC-2890,PM-KISAN Disbursement Register & Beneficiary Coverage,Ministry of Agriculture,Department of Agriculture,https://pmkisan.gov.in/data/disbursement_register/src-2890,FY 2023-24,2023-09-26,2023-10-08,PMKISAN_Farmer_Disbursements.xlsx,JSON,"Direct benefit transfer (DBT) records, farmer enrollment counts, and financial year disbursements.",DBT portal transaction logs aggregated.
SRC-4275,PM-KISAN Disbursement Register & Beneficiary Coverage,Ministry of Agriculture,Department of Agriculture,https://pmkisan.gov.in/data/disbursement_register/src-4275,FY 2022-23,2023-11-22,2023-12-05,PMKISAN_District_Coverage.csv,CSV,"Direct benefit transfer (DBT) records, farmer enrollment counts, and financial year disbursements.",DBT portal transaction logs aggregated.
SRC-9955,PM-POSHAN School Kitchen Infrastructure & Coverage Dataset,Ministry of Education,Department of School Education and Literacy,https://pmposhan.education.gov.in/reports/kitchen_infra/src-9955,FY 2023-24,2023-10-07,2023-10-18,PMPOSHAN_Kitchen_Assets.xlsx,XLSX,"Details school kitchen construction, meal distribution reach, and central/state fund utilization.",Monthly coverage summary.
SRC-3636,Poshan Abhiyaan Child Nutrition & Anganwadi Infrastructure,Ministry of Women and Child Development,Department of Women and Child Development,https://poshanabhiyaan.gov.in/reports/nutrition_tracker/src-3636,FY 2023-24,2023-02-02,2023-02-25,MWCD_Scheme_Monitoring_Data.csv,PDF,"Anganwadi center infrastructure, nutrition status tracking, and target beneficiary coverage.",Scraped from Poshan Tracker dashboard.
SRC-2194,PM-POSHAN School Kitchen Infrastructure & Coverage Dataset,Ministry of Education,Department of School Education and Literacy,https://pmposhan.education.gov.in/reports/kitchen_infra/src-2194,FY 2021-22,2024-02-10,2024-02-17,PM_POSHAN_Coverage_Metrics.csv,XLSX,"Details school kitchen construction, meal distribution reach, and central/state fund utilization.",Aggregated from UDISE+ school reporting portal.
SRC-1144,PM-POSHAN School Kitchen Infrastructure & Coverage Dataset,Ministry of Education,Department of School Education and Literacy,https://pmposhan.education.gov.in/reports/kitchen_infra/src-1144,FY 2023-24,2023-05-10,2023-05-12,PM_POSHAN_Coverage_Metrics.csv,CSV,"Details school kitchen construction, meal distribution reach, and central/state fund utilization.",Monthly coverage summary.
SRC-8975,PMAY-G Housing Progress & Expenditure Report,Ministry of Rural Development,Department of Rural Development,https://omms.nic.in/reports/pmgsy_road_progress/src-8975,FY 2022-23,2023-06-19,2023-06-28,PMGSY_Physical_Financial_Progress.xlsx,PDF,"Contains project progress, housing sanctions, road length completed, and fund allocations across rural districts.",Direct export from Ministry dashboard.
SRC-9810,PMAY-G Housing Progress & Expenditure Report,Ministry of Rural Development,Department of Rural Development,https://omms.nic.in/reports/pmgsy_road_progress/src-9810,FY 2023-24,2023-08-14,2023-09-12,PMGSY_Physical_Financial_Progress.xlsx,XLSX,"Contains project progress, housing sanctions, road length completed, and fund allocations across rural districts.",Direct export from Ministry dashboard.
SRC-4729,PM-KISAN Disbursement Register & Beneficiary Coverage,Ministry of Agriculture,Department of Agriculture,https://pmkisan.gov.in/data/disbursement_register/src-4729,FY 2023-24,2023-07-08,2023-08-07,PMKISAN_Farmer_Disbursements.xlsx,CSV,"Direct benefit transfer (DBT) records, farmer enrollment counts, and financial year disbursements.",Audited financial dataset.
SRC-2189,Ayushman Bharat Health Infrastructure & Beneficiary Dataset,Ministry of Health and Family Welfare,Department of Health and Family Welfare,https://dashboard.pmjay.gov.in/reports/health_centers/src-2189,FY 2022-23,2023-11-05,2023-12-02,Ayushman_Beneficiary_Enrollments.csv,PDF,"Tracking impaneled health centers, beneficiary golden cards issued, and claim disbursements.",Validated against NHA portal records.
SRC-3360,Ayushman Bharat Health Infrastructure & Beneficiary Dataset,Ministry of Health and Family Welfare,Department of Health and Family Welfare,https://dashboard.pmjay.gov.in/reports/health_centers/src-3360,FY 2022-23,2023-06-17,2023-07-09,Ayushman_Beneficiary_Enrollments.csv,PDF,"Tracking impaneled health centers, beneficiary golden cards issued, and claim disbursements.",Extracted via OCR from quarterly state health reports.
SRC-9397,Ayushman Bharat Health Infrastructure & Beneficiary Dataset,Ministry of Health and Family Welfare,Department of Health and Family Welfare,https://dashboard.pmjay.gov.in/reports/health_centers/src-9397,FY 2023-24,2023-03-27,2023-04-19,Ayushman_Beneficiary_Enrollments.csv,JSON,"Tracking impaneled health centers, beneficiary golden cards issued, and claim disbursements.",Validated against NHA portal records.
SRC-4234,Jal Jeevan Mission Tap Connection & Outlay Dataset,Ministry of Jal Shakti,Department of Drinking Water and Sanitation,https://ejalshakti.gov.in/jjmreport/water_coverage/src-4234,FY 2021-22,2023-11-11,2023-11-25,JJM_District_Financial_Outlays.xlsx,CSV,"Includes village-level household tap water connections, infrastructure status, and fund releases.",Harmonized state-wise pipeline records.
SRC-3496,Poshan Abhiyaan Child Nutrition & Anganwadi Infrastructure,Ministry of Women and Child Development,Department of Women and Child Development,https://poshanabhiyaan.gov.in/reports/nutrition_tracker/src-3496,FY 2023-24,2023-09-20,2023-10-16,Poshan_Tracker_Anganwadi_Metrics.pdf,CSV,"Anganwadi center infrastructure, nutrition status tracking, and target beneficiary coverage.",Quarterly district summary.
SRC-6004,PM-POSHAN School Kitchen Infrastructure & Coverage Dataset,Ministry of Education,Department of School Education and Literacy,https://pmposhan.education.gov.in/reports/kitchen_infra/src-6004,FY 2023-24,2023-03-06,2023-03-09,PMPOSHAN_Kitchen_Assets.xlsx,CSV,"Details school kitchen construction, meal distribution reach, and central/state fund utilization.",Aggregated from UDISE+ school reporting portal.
SRC-7637,PM-POSHAN School Kitchen Infrastructure & Coverage Dataset,Ministry of Education,Department of School Education and Literacy,https://pmposhan.education.gov.in/reports/kitchen_infra/src-7637,FY 2021-22,2023-11-06,2023-11-11,PM_POSHAN_Coverage_Metrics.csv,CSV,"Details school kitchen construction, meal distribution reach, and central/state fund utilization.",Aggregated from UDISE+ school reporting portal.
SRC-7500,PM-KISAN Disbursement Register & Beneficiary Coverage,Ministry of Agriculture,Department of Agriculture,https://pmkisan.gov.in/data/disbursement_register/src-7500,FY 2023-24,2023-10-21,2023-10-26,PMKISAN_District_Coverage.csv,CSV,"Direct benefit transfer (DBT) records, farmer enrollment counts, and financial year disbursements.",DBT portal transaction logs aggregated.
SRC-6878,Ayushman Bharat Health Infrastructure & Beneficiary Dataset,Ministry of Health and Family Welfare,Department of Health and Family Welfare,https://dashboard.pmjay.gov.in/reports/health_centers/src-6878,FY 2023-24,2023-05-08,2023-05-12,Ayushman_Beneficiary_Enrollments.csv,JSON,"Tracking impaneled health centers, beneficiary golden cards issued, and claim disbursements.",Validated against NHA portal records.
SRC-2691,PMAY-G Housing Progress & Expenditure Report,Ministry of Rural Development,Department of Rural Development,https://data.gov.in/dataset/pmayg-progress-report/src-2691,FY 2023-24,2024-04-12,2024-04-30,PMGSY_Physical_Financial_Progress.xlsx,CSV,"Contains project progress, housing sanctions, road length completed, and fund allocations across rural districts.",Scraped from monthly state progress PDFs.
SRC-6781,Poshan Abhiyaan Child Nutrition & Anganwadi Infrastructure,Ministry of Women and Child Development,Department of Women and Child Development,https://poshanabhiyaan.gov.in/reports/nutrition_tracker/src-6781,FY 2023-24,2023-11-10,2023-11-20,MWCD_Scheme_Monitoring_Data.csv,CSV,"Anganwadi center infrastructure, nutrition status tracking, and target beneficiary coverage.",Scraped from Poshan Tracker dashboard.
SRC-2938,PM-KISAN Disbursement Register & Beneficiary Coverage,Ministry of Agriculture,Department of Agriculture,https://pmkisan.gov.in/data/disbursement_register/src-2938,FY 2022-23,2023-08-20,2023-08-26,PMKISAN_Farmer_Disbursements.xlsx,XLSX,"Direct benefit transfer (DBT) records, farmer enrollment counts, and financial year disbursements.",DBT portal transaction logs aggregated.
SRC-3406,Poshan Abhiyaan Child Nutrition & Anganwadi Infrastructure,Ministry of Women and Child Development,Department of Women and Child Development,https://poshanabhiyaan.gov.in/reports/nutrition_tracker/src-3406,FY 2022-23,2023-10-09,2023-10-27,MWCD_Scheme_Monitoring_Data.csv,CSV,"Anganwadi center infrastructure, nutrition status tracking, and target beneficiary coverage.",Scraped from Poshan Tracker dashboard.
SRC-8891,PMGSY Rural Road Construction Dataset,Ministry of Rural Development,Department of Rural Development,https://omms.nic.in/reports/pmgsy_road_progress/src-8891,FY 2021-22,2024-04-19,2024-05-12,PMAYG_District_Report_2024.pdf,CSV,"Contains project progress, housing sanctions, road length completed, and fund allocations across rural districts.",Direct export from Ministry dashboard.
SRC-7315,Jal Jeevan Mission Tap Connection & Outlay Dataset,Ministry of Jal Shakti,Department of Drinking Water and Sanitation,https://ejalshakti.gov.in/jjmreport/water_coverage/src-7315,FY 2023-24,2024-02-10,2024-02-15,JJM_Village_Tap_Coverage.csv,CSV,"Includes village-level household tap water connections, infrastructure status, and fund releases.",Raw data API dump from JJM Dashboard.
SRC-8901,Jal Jeevan Mission Tap Connection & Outlay Dataset,Ministry of Jal Shakti,Department of Drinking Water and Sanitation,https://ejalshakti.gov.in/jjmreport/water_coverage/src-8901,FY 2021-22,2023-08-28,2023-09-23,JJM_Village_Tap_Coverage.csv,XLSX,"Includes village-level household tap water connections, infrastructure status, and fund releases.",Harmonized state-wise pipeline records.
SRC-2600,Poshan Abhiyaan Child Nutrition & Anganwadi Infrastructure,Ministry of Women and Child Development,Department of Women and Child Development,https://poshanabhiyaan.gov.in/reports/nutrition_tracker/src-2600,FY 2023-24,2024-01-03,2024-01-27,Poshan_Tracker_Anganwadi_Metrics.pdf,CSV,"Anganwadi center infrastructure, nutrition status tracking, and target beneficiary coverage.",Quarterly district summary.
SRC-7144,National Highways Infrastructure Development Progress,Ministry of Road Transport and Highways,Department of Road Transport and Highways,https://morth.nic.in/dataset/highway_construction/src-7144,FY 2021-22,2024-05-12,2024-05-23,MoRTH_Project_Status_Report.pdf,XLSX,"National highway expansion, land acquisition status, budget releases, and physical completion metrics.",Includes CAG audit status notes.
SRC-3928,Jal Jeevan Mission Tap Connection & Outlay Dataset,Ministry of Jal Shakti,Department of Drinking Water and Sanitation,https://ejalshakti.gov.in/jjmreport/water_coverage/src-3928,FY 2022-23,2024-03-25,2024-04-21,JJM_District_Financial_Outlays.xlsx,XLSX,"Includes village-level household tap water connections, infrastructure status, and fund releases.",Raw data API dump from JJM Dashboard.
SRC-9328,Ayushman Bharat Health Infrastructure & Beneficiary Dataset,Ministry of Health and Family Welfare,Department of Health and Family Welfare,https://dashboard.pmjay.gov.in/reports/health_centers/src-9328,FY 2021-22,2024-03-01,2024-03-05,Ayushman_Beneficiary_Enrollments.csv,JSON,"Tracking impaneled health centers, beneficiary golden cards issued, and claim disbursements.",Extracted via OCR from quarterly state health reports.
SRC-7075,National Highways Infrastructure Development Progress,Ministry of Road Transport and Highways,Department of Road Transport and Highways,https://morth.nic.in/dataset/highway_construction/src-7075,FY 2023-24,2024-04-23,2024-05-16,NHDP_Highway_Corridor_Progress.xlsx,XLSX,"National highway expansion, land acquisition status, budget releases, and physical completion metrics.",Compiled from regional highway authority updates.
SRC-1550,PMAY-G Housing Progress & Expenditure Report,Ministry of Rural Development,Department of Rural Development,https://omms.nic.in/reports/pmgsy_road_progress/src-1550,FY 2023-24,2023-04-11,2023-05-02,PMGSY_Physical_Financial_Progress.xlsx,PDF,"Contains project progress, housing sanctions, road length completed, and fund allocations across rural districts.",Scraped from monthly state progress PDFs.
SRC-2124,PM-KISAN Disbursement Register & Beneficiary Coverage,Ministry of Agriculture,Department of Agriculture,https://pmkisan.gov.in/data/disbursement_register/src-2124,FY 2022-23,2023-09-15,2023-10-06,PMKISAN_District_Coverage.csv,JSON,"Direct benefit transfer (DBT) records, farmer enrollment counts, and financial year disbursements.",DBT portal transaction logs aggregated.
SRC-9243,PMAY-G Housing Progress & Expenditure Report,Ministry of Rural Development,Department of Rural Development,https://data.gov.in/dataset/pmayg-progress-report/src-9243,FY 2023-24,2024-01-04,2024-02-02,PMAYG_District_Report_2024.pdf,CSV,"Contains project progress, housing sanctions, road length completed, and fund allocations across rural districts.",Direct export from Ministry dashboard.
SRC-1448,Ayushman Bharat Health Infrastructure & Beneficiary Dataset,Ministry of Health and Family Welfare,Department of Health and Family Welfare,https://dashboard.pmjay.gov.in/reports/health_centers/src-1448,FY 2023-24,2024-04-30,2024-05-21,PMJAY_Health_Centers_Coverage.pdf,PDF,"Tracking impaneled health centers, beneficiary golden cards issued, and claim disbursements.",Extracted via OCR from quarterly state health reports.
SRC-7536,National Highways Infrastructure Development Progress,Ministry of Road Transport and Highways,Department of Road Transport and Highways,https://morth.nic.in/dataset/highway_construction/src-7536,FY 2021-22,2024-03-31,2024-04-21,MoRTH_Project_Status_Report.pdf,XLSX,"National highway expansion, land acquisition status, budget releases, and physical completion metrics.",Compiled from regional highway authority updates.
SRC-4755,Poshan Abhiyaan Child Nutrition & Anganwadi Infrastructure,Ministry of Women and Child Development,Department of Women and Child Development,https://poshanabhiyaan.gov.in/reports/nutrition_tracker/src-4755,FY 2021-22,2023-06-02,2023-06-17,MWCD_Scheme_Monitoring_Data.csv,PDF,"Anganwadi center infrastructure, nutrition status tracking, and target beneficiary coverage.",Quarterly district summary.
SRC-9066,Jal Jeevan Mission Tap Connection & Outlay Dataset,Ministry of Jal Shakti,Department of Drinking Water and Sanitation,https://ejalshakti.gov.in/jjmreport/water_coverage/src-9066,FY 2023-24,2023-09-05,2023-09-20,JJM_Village_Tap_Coverage.csv,XLSX,"Includes village-level household tap water connections, infrastructure status, and fund releases.",Harmonized state-wise pipeline records.
SRC-9490,PM-POSHAN School Kitchen Infrastructure & Coverage Dataset,Ministry of Education,Department of School Education and Literacy,https://pmposhan.education.gov.in/reports/kitchen_infra/src-9490,FY 2022-23,2024-01-11,2024-02-08,PMPOSHAN_Kitchen_Assets.xlsx,CSV,"Details school kitchen construction, meal distribution reach, and central/state fund utilization.",Monthly coverage summary.
SRC-9171,National Highways Infrastructure Development Progress,Ministry of Road Transport and Highways,Department of Road Transport and Highways,https://morth.nic.in/dataset/highway_construction/src-9171,FY 2023-24,2023-06-13,2023-06-21,NHDP_Highway_Corridor_Progress.xlsx,PDF,"National highway expansion, land acquisition status, budget releases, and physical completion metrics.",Includes CAG audit status notes.
SRC-4212,National Highways Infrastructure Development Progress,Ministry of Road Transport and Highways,Department of Road Transport and Highways,https://morth.nic.in/dataset/highway_construction/src-4212,FY 2022-23,2023-03-14,2023-03-18,MoRTH_Project_Status_Report.pdf,PDF,"National highway expansion, land acquisition status, budget releases, and physical completion metrics.",Includes CAG audit status notes.
SRC-1983,Jal Jeevan Mission Tap Connection & Outlay Dataset,Ministry of Jal Shakti,Department of Drinking Water and Sanitation,https://ejalshakti.gov.in/jjmreport/water_coverage/src-1983,FY 2022-23,2024-05-07,2024-06-04,JJM_District_Financial_Outlays.xlsx,XLSX,"Includes village-level household tap water connections, infrastructure status, and fund releases.",Raw data API dump from JJM Dashboard.
SRC-5663,Jal Jeevan Mission Tap Connection & Outlay Dataset,Ministry of Jal Shakti,Department of Drinking Water and Sanitation,https://ejalshakti.gov.in/jjmreport/water_coverage/src-5663,FY 2022-23,2023-09-13,2023-09-30,JJM_District_Financial_Outlays.xlsx,CSV,"Includes village-level household tap water connections, infrastructure status, and fund releases.",Raw data API dump from JJM Dashboard.
SRC-7911,Ayushman Bharat Health Infrastructure & Beneficiary Dataset,Ministry of Health and Family Welfare,Department of Health and Family Welfare,https://dashboard.pmjay.gov.in/reports/health_centers/src-7911,FY 2023-24,2023-02-16,2023-03-01,Ayushman_Beneficiary_Enrollments.csv,CSV,"Tracking impaneled health centers, beneficiary golden cards issued, and claim disbursements.",Extracted via OCR from quarterly state health reports.
SRC-6950,Poshan Abhiyaan Child Nutrition & Anganwadi Infrastructure,Ministry of Women and Child Development,Department of Women and Child Development,https://poshanabhiyaan.gov.in/reports/nutrition_tracker/src-6950,FY 2023-24,2023-01-26,2023-02-05,Poshan_Tracker_Anganwadi_Metrics.pdf,CSV,"Anganwadi center infrastructure, nutrition status tracking, and target beneficiary coverage.",Scraped from Poshan Tracker dashboard.
SRC-7505,Poshan Abhiyaan Child Nutrition & Anganwadi Infrastructure,Ministry of Women and Child Development,Department of Women and Child Development,https://poshanabhiyaan.gov.in/reports/nutrition_tracker/src-7505,FY 2022-23,2023-08-09,2023-08-14,MWCD_Scheme_Monitoring_Data.csv,PDF,"Anganwadi center infrastructure, nutrition status tracking, and target beneficiary coverage.",Scraped from Poshan Tracker dashboard.
SRC-5655,PMGSY Rural Road Construction Dataset,Ministry of Rural Development,Department of Rural Development,https://omms.nic.in/reports/pmgsy_road_progress/src-5655,FY 2021-22,2023-07-25,2023-07-27,PMGSY_Physical_Financial_Progress.xlsx,XLSX,"Contains project progress, housing sanctions, road length completed, and fund allocations across rural districts.",Extracted from central OMMS portal.
SRC-8480,National Highways Infrastructure Development Progress,Ministry of Road Transport and Highways,Department of Road Transport and Highways,https://morth.nic.in/dataset/highway_construction/src-8480,FY 2021-22,2023-09-16,2023-10-01,MoRTH_Project_Status_Report.pdf,XLSX,"National highway expansion, land acquisition status, budget releases, and physical completion metrics.",Compiled from regional highway authority updates.
SRC-3551,Poshan Abhiyaan Child Nutrition & Anganwadi Infrastructure,Ministry of Women and Child Development,Department of Women and Child Development,https://poshanabhiyaan.gov.in/reports/nutrition_tracker/src-3551,FY 2022-23,2023-07-11,2023-08-06,Poshan_Tracker_Anganwadi_Metrics.pdf,PDF,"Anganwadi center infrastructure, nutrition status tracking, and target beneficiary coverage.",Quarterly district summary.
SRC-4089,Ayushman Bharat Health Infrastructure & Beneficiary Dataset,Ministry of Health and Family Welfare,Department of Health and Family Welfare,https://dashboard.pmjay.gov.in/reports/health_centers/src-4089,FY 2021-22,2023-09-14,2023-09-16,PMJAY_Health_Centers_Coverage.pdf,PDF,"Tracking impaneled health centers, beneficiary golden cards issued, and claim disbursements.",Validated against NHA portal records.
SRC-5664,National Highways Infrastructure Development Progress,Ministry of Road Transport and Highways,Department of Road Transport and Highways,https://morth.nic.in/dataset/highway_construction/src-5664,FY 2022-23,2023-09-23,2023-10-08,NHDP_Highway_Corridor_Progress.xlsx,PDF,"National highway expansion, land acquisition status, budget releases, and physical completion metrics.",Compiled from regional highway authority updates.
SRC-4046,Poshan Abhiyaan Child Nutrition & Anganwadi Infrastructure,Ministry of Women and Child Development,Department of Women and Child Development,https://poshanabhiyaan.gov.in/reports/nutrition_tracker/src-4046,FY 2022-23,2023-07-21,2023-08-10,MWCD_Scheme_Monitoring_Data.csv,CSV,"Anganwadi center infrastructure, nutrition status tracking, and target beneficiary coverage.",Scraped from Poshan Tracker dashboard.
SRC-6410,PMGSY Rural Road Construction Dataset,Ministry of Rural Development,Department of Rural Development,https://omms.nic.in/reports/pmgsy_road_progress/src-6410,FY 2022-23,2023-06-03,2023-06-19,PMGSY_Physical_Financial_Progress.xlsx,CSV,"Contains project progress, housing sanctions, road length completed, and fund allocations across rural districts.",Direct export from Ministry dashboard.
SRC-1549,PM-KISAN Disbursement Register & Beneficiary Coverage,Ministry of Agriculture,Department of Agriculture,https://pmkisan.gov.in/data/disbursement_register/src-1549,FY 2021-22,2023-08-02,2023-08-21,PMKISAN_District_Coverage.csv,JSON,"Direct benefit transfer (DBT) records, farmer enrollment counts, and financial year disbursements.",DBT portal transaction logs aggregated.
SRC-5150,Jal Jeevan Mission Tap Connection & Outlay Dataset,Ministry of Jal Shakti,Department of Drinking Water and Sanitation,https://ejalshakti.gov.in/jjmreport/water_coverage/src-5150,FY 2023-24,2024-01-05,2024-01-07,JJM_District_Financial_Outlays.xlsx,XLSX,"Includes village-level household tap water connections, infrastructure status, and fund releases.",Raw data API dump from JJM Dashboard.
SRC-8786,National Highways Infrastructure Development Progress,Ministry of Road Transport and Highways,Department of Road Transport and Highways,https://morth.nic.in/dataset/highway_construction/src-8786,FY 2021-22,2023-01-17,2023-02-05,MoRTH_Project_Status_Report.pdf,XLSX,"National highway expansion, land acquisition status, budget releases, and physical completion metrics.",Includes CAG audit status notes.
SRC-8992,Poshan Abhiyaan Child Nutrition & Anganwadi Infrastructure,Ministry of Women and Child Development,Department of Women and Child Development,https://poshanabhiyaan.gov.in/reports/nutrition_tracker/src-8992,FY 2022-23,2023-08-03,2023-08-08,Poshan_Tracker_Anganwadi_Metrics.pdf,CSV,"Anganwadi center infrastructure, nutrition status tracking, and target beneficiary coverage.",Quarterly district summary.
SRC-5828,Jal Jeevan Mission Tap Connection & Outlay Dataset,Ministry of Jal Shakti,Department of Drinking Water and Sanitation,https://ejalshakti.gov.in/jjmreport/water_coverage/src-5828,FY 2022-23,2023-12-28,2024-01-02,JJM_District_Financial_Outlays.xlsx,XLSX,"Includes village-level household tap water connections, infrastructure status, and fund releases.",Raw data API dump from JJM Dashboard.
SRC-9702,PM-POSHAN School Kitchen Infrastructure & Coverage Dataset,Ministry of Education,Department of School Education and Literacy,https://pmposhan.education.gov.in/reports/kitchen_infra/src-9702,FY 2021-22,2024-05-04,2024-05-10,PM_POSHAN_Coverage_Metrics.csv,CSV,"Details school kitchen construction, meal distribution reach, and central/state fund utilization.",Monthly coverage summary.
SRC-9830,National Highways Infrastructure Development Progress,Ministry of Road Transport and Highways,Department of Road Transport and Highways,https://morth.nic.in/dataset/highway_construction/src-9830,FY 2023-24,2023-04-09,2023-04-17,MoRTH_Project_Status_Report.pdf,PDF,"National highway expansion, land acquisition status, budget releases, and physical completion metrics.",Compiled from regional highway authority updates.
SRC-1214,PM-KISAN Disbursement Register & Beneficiary Coverage,Ministry of Agriculture,Department of Agriculture,https://pmkisan.gov.in/data/disbursement_register/src-1214,FY 2021-22,2023-05-28,2023-06-01,PMKISAN_District_Coverage.csv,CSV,"Direct benefit transfer (DBT) records, farmer enrollment counts, and financial year disbursements.",Audited financial dataset.
SRC-9667,Jal Jeevan Mission Tap Connection & Outlay Dataset,Ministry of Jal Shakti,Department of Drinking Water and Sanitation,https://ejalshakti.gov.in/jjmreport/water_coverage/src-9667,FY 2023-24,2023-01-22,2023-02-01,JJM_District_Financial_Outlays.xlsx,CSV,"Includes village-level household tap water connections, infrastructure status, and fund releases.",Harmonized state-wise pipeline records.
SRC-2728,PMAY-G Housing Progress & Expenditure Report,Ministry of Rural Development,Department of Rural Development,https://omms.nic.in/reports/pmgsy_road_progress/src-2728,FY 2023-24,2024-01-18,2024-02-03,PMGSY_Physical_Financial_Progress.xlsx,CSV,"Contains project progress, housing sanctions, road length completed, and fund allocations across rural districts.",Scraped from monthly state progress PDFs.
SRC-6319,PM-KISAN Disbursement Register & Beneficiary Coverage,Ministry of Agriculture,Department of Agriculture,https://pmkisan.gov.in/data/disbursement_register/src-6319,FY 2023-24,2023-03-12,2023-03-16,PMKISAN_District_Coverage.csv,JSON,"Direct benefit transfer (DBT) records, farmer enrollment counts, and financial year disbursements.",Audited financial dataset.
SRC-1567,PM-KISAN Disbursement Register & Beneficiary Coverage,Ministry of Agriculture,Department of Agriculture,https://pmkisan.gov.in/data/disbursement_register/src-1567,FY 2022-23,2023-11-23,2023-12-01,PMKISAN_Farmer_Disbursements.xlsx,JSON,"Direct benefit transfer (DBT) records, farmer enrollment counts, and financial year disbursements.",DBT portal transaction logs aggregated.
SRC-8542,PM-POSHAN School Kitchen Infrastructure & Coverage Dataset,Ministry of Education,Department of School Education and Literacy,https://pmposhan.education.gov.in/reports/kitchen_infra/src-8542,FY 2022-23,2023-02-21,2023-03-15,PM_POSHAN_Coverage_Metrics.csv,CSV,"Details school kitchen construction, meal distribution reach, and central/state fund utilization.",Monthly coverage summary.
SRC-8999,Ayushman Bharat Health Infrastructure & Beneficiary Dataset,Ministry of Health and Family Welfare,Department of Health and Family Welfare,https://dashboard.pmjay.gov.in/reports/health_centers/src-8999,FY 2021-22,2023-09-02,2023-09-23,PMJAY_Health_Centers_Coverage.pdf,CSV,"Tracking impaneled health centers, beneficiary golden cards issued, and claim disbursements.",Validated against NHA portal records.
SRC-1886,PM-KISAN Disbursement Register & Beneficiary Coverage,Ministry of Agriculture,Department of Agriculture,https://pmkisan.gov.in/data/disbursement_register/src-1886,FY 2022-23,2024-04-09,2024-05-04,PMKISAN_District_Coverage.csv,CSV,"Direct benefit transfer (DBT) records, farmer enrollment counts, and financial year disbursements.",DBT portal transaction logs aggregated.
SRC-3165,Ayushman Bharat Health Infrastructure & Beneficiary Dataset,Ministry of Health and Family Welfare,Department of Health and Family Welfare,https://dashboard.pmjay.gov.in/reports/health_centers/src-3165,FY 2022-23,2024-03-27,2024-04-23,PMJAY_Health_Centers_Coverage.pdf,PDF,"Tracking impaneled health centers, beneficiary golden cards issued, and claim disbursements.",Validated against NHA portal records.
SRC-4970,Ayushman Bharat Health Infrastructure & Beneficiary Dataset,Ministry of Health and Family Welfare,Department of Health and Family Welfare,https://dashboard.pmjay.gov.in/reports/health_centers/src-4970,FY 2022-23,2024-04-24,2024-05-18,Ayushman_Beneficiary_Enrollments.csv,CSV,"Tracking impaneled health centers, beneficiary golden cards issued, and claim disbursements.",Extracted via OCR from quarterly state health reports.
SRC-6729,PMGSY Rural Road Construction Dataset,Ministry of Rural Development,Department of Rural Development,https://data.gov.in/dataset/pmayg-progress-report/src-6729,FY 2023-24,2023-11-05,2023-11-09,PMAYG_District_Report_2024.pdf,XLSX,"Contains project progress, housing sanctions, road length completed, and fund allocations across rural districts.",Direct export from Ministry dashboard.
SRC-4982,PM-POSHAN School Kitchen Infrastructure & Coverage Dataset,Ministry of Education,Department of School Education and Literacy,https://pmposhan.education.gov.in/reports/kitchen_infra/src-4982,FY 2022-23,2024-03-11,2024-03-28,PM_POSHAN_Coverage_Metrics.csv,CSV,"Details school kitchen construction, meal distribution reach, and central/state fund utilization.",Aggregated from UDISE+ school reporting portal.
SRC-3315,PM-POSHAN School Kitchen Infrastructure & Coverage Dataset,Ministry of Education,Department of School Education and Literacy,https://pmposhan.education.gov.in/reports/kitchen_infra/src-3315,FY 2023-24,2023-03-25,2023-04-18,PMPOSHAN_Kitchen_Assets.xlsx,XLSX,"Details school kitchen construction, meal distribution reach, and central/state fund utilization.",Monthly coverage summary.
SRC-5792,Poshan Abhiyaan Child Nutrition & Anganwadi Infrastructure,Ministry of Women and Child Development,Department of Women and Child Development,https://poshanabhiyaan.gov.in/reports/nutrition_tracker/src-5792,FY 2022-23,2024-02-09,2024-02-19,Poshan_Tracker_Anganwadi_Metrics.pdf,PDF,"Anganwadi center infrastructure, nutrition status tracking, and target beneficiary coverage.",Quarterly district summary.
SRC-6465,National Highways Infrastructure Development Progress,Ministry of Road Transport and Highways,Department of Road Transport and Highways,https://morth.nic.in/dataset/highway_construction/src-6465,FY 2022-23,2023-02-14,2023-02-27,MoRTH_Project_Status_Report.pdf,PDF,"National highway expansion, land acquisition status, budget releases, and physical completion metrics.",Compiled from regional highway authority updates.
SRC-7343,National Highways Infrastructure Development Progress,Ministry of Road Transport and Highways,Department of Road Transport and Highways,https://morth.nic.in/dataset/highway_construction/src-7343,FY 2023-24,2024-04-24,2024-05-02,NHDP_Highway_Corridor_Progress.xlsx,PDF,"National highway expansion, land acquisition status, budget releases, and physical completion metrics.",Compiled from regional highway authority updates.
SRC-6395,PM-KISAN Disbursement Register & Beneficiary Coverage,Ministry of Agriculture,Department of Agriculture,https://pmkisan.gov.in/data/disbursement_register/src-6395,FY 2023-24,2024-01-21,2024-01-30,PMKISAN_District_Coverage.csv,XLSX,"Direct benefit transfer (DBT) records, farmer enrollment counts, and financial year disbursements.",Audited financial dataset.
SRC-6201,National Highways Infrastructure Development Progress,Ministry of Road Transport and Highways,Department of Road Transport and Highways,https://morth.nic.in/dataset/highway_construction/src-6201,FY 2021-22,2023-12-21,2023-12-29,NHDP_Highway_Corridor_Progress.xlsx,PDF,"National highway expansion, land acquisition status, budget releases, and physical completion metrics.",Compiled from regional highway authority updates.
SRC-2749,PMAY-G Housing Progress & Expenditure Report,Ministry of Rural Development,Department of Rural Development,https://data.gov.in/dataset/pmayg-progress-report/src-2749,FY 2021-22,2023-07-27,2023-08-18,PMGSY_Physical_Financial_Progress.xlsx,XLSX,"Contains project progress, housing sanctions, road length completed, and fund allocations across rural districts.",Extracted from central OMMS portal.
SRC-7126,Jal Jeevan Mission Tap Connection & Outlay Dataset,Ministry of Jal Shakti,Department of Drinking Water and Sanitation,https://ejalshakti.gov.in/jjmreport/water_coverage/src-7126,FY 2021-22,2023-04-23,2023-04-28,JJM_District_Financial_Outlays.xlsx,XLSX,"Includes village-level household tap water connections, infrastructure status, and fund releases.",Raw data API dump from JJM Dashboard.
SRC-4351,Jal Jeevan Mission Tap Connection & Outlay Dataset,Ministry of Jal Shakti,Department of Drinking Water and Sanitation,https://ejalshakti.gov.in/jjmreport/water_coverage/src-4351,FY 2022-23,2023-12-26,2024-01-13,JJM_District_Financial_Outlays.xlsx,XLSX,"Includes village-level household tap water connections, infrastructure status, and fund releases.",Harmonized state-wise pipeline records.
SRC-9530,PMGSY Rural Road Construction Dataset,Ministry of Rural Development,Department of Rural Development,https://data.gov.in/dataset/pmayg-progress-report/src-9530,FY 2023-24,2024-03-23,2024-04-18,PMAYG_District_Report_2024.pdf,CSV,"Contains project progress, housing sanctions, road length completed, and fund allocations across rural districts.",Direct export from Ministry dashboard.
SRC-8201,PMAY-G Housing Progress & Expenditure Report,Ministry of Rural Development,Department of Rural Development,https://omms.nic.in/reports/pmgsy_road_progress/src-8201,FY 2022-23,2023-02-27,2023-03-01,PMGSY_Physical_Financial_Progress.xlsx,PDF,"Contains project progress, housing sanctions, road length completed, and fund allocations across rural districts.",Direct export from Ministry dashboard.
SRC-7775,National Highways Infrastructure Development Progress,Ministry of Road Transport and Highways,Department of Road Transport and Highways,https://morth.nic.in/dataset/highway_construction/src-7775,FY 2023-24,2023-03-01,2023-03-23,NHDP_Highway_Corridor_Progress.xlsx,PDF,"National highway expansion, land acquisition status, budget releases, and physical completion metrics.",Compiled from regional highway authority updates.
SRC-2494,Ayushman Bharat Health Infrastructure & Beneficiary Dataset,Ministry of Health and Family Welfare,Department of Health and Family Welfare,https://dashboard.pmjay.gov.in/reports/health_centers/src-2494,FY 2021-22,2024-02-19,2024-02-21,PMJAY_Health_Centers_Coverage.pdf,JSON,"Tracking impaneled health centers, beneficiary golden cards issued, and claim disbursements.",Validated against NHA portal records.
SRC-3656,PMGSY Rural Road Construction Dataset,Ministry of Rural Development,Department of Rural Development,https://data.gov.in/dataset/pmayg-progress-report/src-3656,FY 2023-24,2023-01-30,2023-02-17,PMGSY_Physical_Financial_Progress.xlsx,XLSX,"Contains project progress, housing sanctions, road length completed, and fund allocations across rural districts.",Direct export from Ministry dashboard.
SRC-1200,PM-KISAN Disbursement Register & Beneficiary Coverage,Ministry of Agriculture,Department of Agriculture,https://pmkisan.gov.in/data/disbursement_register/src-1200,FY 2021-22,2024-02-23,2024-02-24,PMKISAN_Farmer_Disbursements.xlsx,CSV,"Direct benefit transfer (DBT) records, farmer enrollment counts, and financial year disbursements.",Audited financial dataset.
SRC-1107,National Highways Infrastructure Development Progress,Ministry of Road Transport and Highways,Department of Road Transport and Highways,https://morth.nic.in/dataset/highway_construction/src-1107,FY 2023-24,2023-12-25,2023-12-28,NHDP_Highway_Corridor_Progress.xlsx,PDF,"National highway expansion, land acquisition status, budget releases, and physical completion metrics.",Compiled from regional highway authority updates.
SRC-1803,Jal Jeevan Mission Tap Connection & Outlay Dataset,Ministry of Jal Shakti,Department of Drinking Water and Sanitation,https://ejalshakti.gov.in/jjmreport/water_coverage/src-1803,FY 2022-23,2023-07-29,2023-08-04,JJM_District_Financial_Outlays.xlsx,CSV,"Includes village-level household tap water connections, infrastructure status, and fund releases.",Harmonized state-wise pipeline records.
SRC-7208,National Highways Infrastructure Development Progress,Ministry of Road Transport and Highways,Department of Road Transport and Highways,https://morth.nic.in/dataset/highway_construction/src-7208,FY 2021-22,2024-03-21,2024-04-20,MoRTH_Project_Status_Report.pdf,PDF,"National highway expansion, land acquisition status, budget releases, and physical completion metrics.",Compiled from regional highway authority updates.
SRC-8924,PM-KISAN Disbursement Register & Beneficiary Coverage,Ministry of Agriculture,Department of Agriculture,https://pmkisan.gov.in/data/disbursement_register/src-8924,FY 2023-24,2023-12-01,2023-12-29,PMKISAN_Farmer_Disbursements.xlsx,JSON,"Direct benefit transfer (DBT) records, farmer enrollment counts, and financial year disbursements.",DBT portal transaction logs aggregated.
SRC-5759,Poshan Abhiyaan Child Nutrition & Anganwadi Infrastructure,Ministry of Women and Child Development,Department of Women and Child Development,https://poshanabhiyaan.gov.in/reports/nutrition_tracker/src-5759,FY 2022-23,2024-01-08,2024-01-16,Poshan_Tracker_Anganwadi_Metrics.pdf,CSV,"Anganwadi center infrastructure, nutrition status tracking, and target beneficiary coverage.",Scraped from Poshan Tracker dashboard.
SRC-5614,Jal Jeevan Mission Tap Connection & Outlay Dataset,Ministry of Jal Shakti,Department of Drinking Water and Sanitation,https://ejalshakti.gov.in/jjmreport/water_coverage/src-5614,FY 2021-22,2023-09-30,2023-10-13,JJM_District_Financial_Outlays.xlsx,XLSX,"Includes village-level household tap water connections, infrastructure status, and fund releases.",Harmonized state-wise pipeline records.
SRC-8774,Ayushman Bharat Health Infrastructure & Beneficiary Dataset,Ministry of Health and Family Welfare,Department of Health and Family Welfare,https://dashboard.pmjay.gov.in/reports/health_centers/src-8774,FY 2022-23,2023-05-22,2023-05-29,Ayushman_Beneficiary_Enrollments.csv,CSV,"Tracking impaneled health centers, beneficiary golden cards issued, and claim disbursements.",Extracted via OCR from quarterly state health reports.
SRC-4412,PM-KISAN Disbursement Register & Beneficiary Coverage,Ministry of Agriculture,Department of Agriculture,https://pmkisan.gov.in/data/disbursement_register/src-4412,FY 2023-24,2023-05-04,2023-05-11,PMKISAN_District_Coverage.csv,JSON,"Direct benefit transfer (DBT) records, farmer enrollment counts, and financial year disbursements.",DBT portal transaction logs aggregated.
SRC-1518,Poshan Abhiyaan Child Nutrition & Anganwadi Infrastructure,Ministry of Women and Child Development,Department of Women and Child Development,https://poshanabhiyaan.gov.in/reports/nutrition_tracker/src-1518,FY 2023-24,2023-05-06,2023-05-30,Poshan_Tracker_Anganwadi_Metrics.pdf,CSV,"Anganwadi center infrastructure, nutrition status tracking, and target beneficiary coverage.",Scraped from Poshan Tracker dashboard.
SRC-8270,Ayushman Bharat Health Infrastructure & Beneficiary Dataset,Ministry of Health and Family Welfare,Department of Health and Family Welfare,https://dashboard.pmjay.gov.in/reports/health_centers/src-8270,FY 2021-22,2024-01-22,2024-02-19,Ayushman_Beneficiary_Enrollments.csv,PDF,"Tracking impaneled health centers, beneficiary golden cards issued, and claim disbursements.",Extracted via OCR from quarterly state health reports.
SRC-4361,PM-POSHAN School Kitchen Infrastructure & Coverage Dataset,Ministry of Education,Department of School Education and Literacy,https://pmposhan.education.gov.in/reports/kitchen_infra/src-4361,FY 2023-24,2023-10-23,2023-11-12,PM_POSHAN_Coverage_Metrics.csv,XLSX,"Details school kitchen construction, meal distribution reach, and central/state fund utilization.",Monthly coverage summary.
SRC-4438,Poshan Abhiyaan Child Nutrition & Anganwadi Infrastructure,Ministry of Women and Child Development,Department of Women and Child Development,https://poshanabhiyaan.gov.in/reports/nutrition_tracker/src-4438,FY 2022-23,2023-07-31,2023-08-10,MWCD_Scheme_Monitoring_Data.csv,PDF,"Anganwadi center infrastructure, nutrition status tracking, and target beneficiary coverage.",Scraped from Poshan Tracker dashboard.
SRC-9888,Ayushman Bharat Health Infrastructure & Beneficiary Dataset,Ministry of Health and Family Welfare,Department of Health and Family Welfare,https://dashboard.pmjay.gov.in/reports/health_centers/src-9888,FY 2021-22,2023-10-12,2023-10-28,PMJAY_Health_Centers_Coverage.pdf,JSON,"Tracking impaneled health centers, beneficiary golden cards issued, and claim disbursements.",Validated against NHA portal records.
SRC-1881,Ayushman Bharat Health Infrastructure & Beneficiary Dataset,Ministry of Health and Family Welfare,Department of Health and Family Welfare,https://dashboard.pmjay.gov.in/reports/health_centers/src-1881,FY 2022-23,2023-12-23,2024-01-06,Ayushman_Beneficiary_Enrollments.csv,JSON,"Tracking impaneled health centers, beneficiary golden cards issued, and claim disbursements.",Validated against NHA portal records.
SRC-3159,PMGSY Rural Road Construction Dataset,Ministry of Rural Development,Department of Rural Development,https://data.gov.in/dataset/pmayg-progress-report/src-3159,FY 2022-23,2024-01-22,2024-02-09,PMGSY_Physical_Financial_Progress.xlsx,XLSX,"Contains project progress, housing sanctions, road length completed, and fund allocations across rural districts.",Extracted from central OMMS portal.
SRC-6412,PMGSY Rural Road Construction Dataset,Ministry of Rural Development,Department of Rural Development,https://data.gov.in/dataset/pmayg-progress-report/src-6412,FY 2021-22,2023-03-15,2023-04-10,PMAYG_District_Report_2024.pdf,XLSX,"Contains project progress, housing sanctions, road length completed, and fund allocations across rural districts.",Direct export from Ministry dashboard.
SRC-6339,PM-KISAN Disbursement Register & Beneficiary Coverage,Ministry of Agriculture,Department of Agriculture,https://pmkisan.gov.in/data/disbursement_register/src-6339,FY 2022-23,2023-07-18,2023-07-26,PMKISAN_District_Coverage.csv,CSV,"Direct benefit transfer (DBT) records, farmer enrollment counts, and financial year disbursements.",DBT portal transaction logs aggregated.
SRC-9921,PM-POSHAN School Kitchen Infrastructure & Coverage Dataset,Ministry of Education,Department of School Education and Literacy,https://pmposhan.education.gov.in/reports/kitchen_infra/src-9921,FY 2023-24,2024-03-09,2024-03-21,PM_POSHAN_Coverage_Metrics.csv,XLSX,"Details school kitchen construction, meal distribution reach, and central/state fund utilization.",Monthly coverage summary.
SRC-7648,Poshan Abhiyaan Child Nutrition & Anganwadi Infrastructure,Ministry of Women and Child Development,Department of Women and Child Development,https://poshanabhiyaan.gov.in/reports/nutrition_tracker/src-7648,FY 2021-22,2023-12-11,2023-12-31,Poshan_Tracker_Anganwadi_Metrics.pdf,CSV,"Anganwadi center infrastructure, nutrition status tracking, and target beneficiary coverage.",Quarterly district summary.
SRC-8421,PMAY-G Housing Progress & Expenditure Report,Ministry of Rural Development,Department of Rural Development,https://data.gov.in/dataset/pmayg-progress-report/src-8421,FY 2023-24,2023-12-10,2023-12-28,PMAYG_District_Report_2024.pdf,CSV,"Contains project progress, housing sanctions, road length completed, and fund allocations across rural districts.",Direct export from Ministry dashboard.
SRC-9362,PM-POSHAN School Kitchen Infrastructure & Coverage Dataset,Ministry of Education,Department of School Education and Literacy,https://pmposhan.education.gov.in/reports/kitchen_infra/src-9362,FY 2022-23,2024-05-04,2024-06-03,PMPOSHAN_Kitchen_Assets.xlsx,CSV,"Details school kitchen construction, meal distribution reach, and central/state fund utilization.",Monthly coverage summary.
SRC-1257,National Highways Infrastructure Development Progress,Ministry of Road Transport and Highways,Department of Road Transport and Highways,https://morth.nic.in/dataset/highway_construction/src-1257,FY 2023-24,2023-07-14,2023-07-29,NHDP_Highway_Corridor_Progress.xlsx,PDF,"National highway expansion, land acquisition status, budget releases, and physical completion metrics.",Compiled from regional highway authority updates.
SRC-8444,Jal Jeevan Mission Tap Connection & Outlay Dataset,Ministry of Jal Shakti,Department of Drinking Water and Sanitation,https://ejalshakti.gov.in/jjmreport/water_coverage/src-8444,FY 2023-24,2023-08-27,2023-08-31,JJM_District_Financial_Outlays.xlsx,XLSX,"Includes village-level household tap water connections, infrastructure status, and fund releases.",Harmonized state-wise pipeline records.
SRC-7731,PM-POSHAN School Kitchen Infrastructure & Coverage Dataset,Ministry of Education,Department of School Education and Literacy,https://pmposhan.education.gov.in/reports/kitchen_infra/src-7731,FY 2022-23,2023-07-31,2023-08-02,PMPOSHAN_Kitchen_Assets.xlsx,CSV,"Details school kitchen construction, meal distribution reach, and central/state fund utilization.",Monthly coverage summary.
SRC-9574,PM-POSHAN School Kitchen Infrastructure & Coverage Dataset,Ministry of Education,Department of School Education and Literacy,https://pmposhan.education.gov.in/reports/kitchen_infra/src-9574,FY 2021-22,2023-06-01,2023-06-06,PMPOSHAN_Kitchen_Assets.xlsx,CSV,"Details school kitchen construction, meal distribution reach, and central/state fund utilization.",Monthly coverage summary.
SRC-7897,PM-POSHAN School Kitchen Infrastructure & Coverage Dataset,Ministry of Education,Department of School Education and Literacy,https://pmposhan.education.gov.in/reports/kitchen_infra/src-7897,FY 2021-22,2023-09-13,2023-10-01,PMPOSHAN_Kitchen_Assets.xlsx,CSV,"Details school kitchen construction, meal distribution reach, and central/state fund utilization.",Aggregated from UDISE+ school reporting portal.
SRC-5699,Ayushman Bharat Health Infrastructure & Beneficiary Dataset,Ministry of Health and Family Welfare,Department of Health and Family Welfare,https://dashboard.pmjay.gov.in/reports/health_centers/src-5699,FY 2022-23,2023-08-24,2023-08-30,Ayushman_Beneficiary_Enrollments.csv,JSON,"Tracking impaneled health centers, beneficiary golden cards issued, and claim disbursements.",Validated against NHA portal records.
SRC-7058,National Highways Infrastructure Development Progress,Ministry of Road Transport and Highways,Department of Road Transport and Highways,https://morth.nic.in/dataset/highway_construction/src-7058,FY 2021-22,2024-04-14,2024-05-13,NHDP_Highway_Corridor_Progress.xlsx,PDF,"National highway expansion, land acquisition status, budget releases, and physical completion metrics.",Includes CAG audit status notes.
SRC-4898,PM-KISAN Disbursement Register & Beneficiary Coverage,Ministry of Agriculture,Department of Agriculture,https://pmkisan.gov.in/data/disbursement_register/src-4898,FY 2021-22,2024-01-27,2024-01-28,PMKISAN_Farmer_Disbursements.xlsx,JSON,"Direct benefit transfer (DBT) records, farmer enrollment counts, and financial year disbursements.",DBT portal transaction logs aggregated.
SRC-5937,Poshan Abhiyaan Child Nutrition & Anganwadi Infrastructure,Ministry of Women and Child Development,Department of Women and Child Development,https://poshanabhiyaan.gov.in/reports/nutrition_tracker/src-5937,FY 2023-24,2023-01-05,2023-01-12,Poshan_Tracker_Anganwadi_Metrics.pdf,PDF,"Anganwadi center infrastructure, nutrition status tracking, and target beneficiary coverage.",Scraped from Poshan Tracker dashboard.
SRC-8074,National Highways Infrastructure Development Progress,Ministry of Road Transport and Highways,Department of Road Transport and Highways,https://morth.nic.in/dataset/highway_construction/src-8074,FY 2022-23,2023-01-09,2023-01-10,NHDP_Highway_Corridor_Progress.xlsx,PDF,"National highway expansion, land acquisition status, budget releases, and physical completion metrics.",Compiled from regional highway authority updates.
SRC-3947,PM-POSHAN School Kitchen Infrastructure & Coverage Dataset,Ministry of Education,Department of School Education and Literacy,https://pmposhan.education.gov.in/reports/kitchen_infra/src-3947,FY 2022-23,2023-01-09,2023-01-26,PMPOSHAN_Kitchen_Assets.xlsx,CSV,"Details school kitchen construction, meal distribution reach, and central/state fund utilization.",Monthly coverage summary.
