project_id,project_name,project_code,department_name,ministry_name,scheme_name,scheme_code,state,district,taluka,village,latitude,longitude,status,start_date,expected_completion_date,actual_completion_date,financial_year,budget_allocated,amount_released,amount_spent,physical_progress,beneficiary_count,beneficiary_category,last_updated,source_id,department_id,scheme_id,location_id,original_status
PRJ-00001,Andhra Pradesh PMAY-G Impl. Phase 1,PMAY-G-AND-704,Department of Rural Development,Ministry of Rural Development,Pradhan Mantri Awas Yojana - Gramin,PMAY-G,Andhra Pradesh,Andhra Pradesh Dist-14,Taluka-3,Village-8,11.135901,75.330835,COMPLETED,2023-04-30,2024-08-03,2024-09-01,2023-24,227094684.46,191187092.58,189125705.08,100,7456,BPL Families,2026-09-20,SRC-9928,1,1,1,Completed
PRJ-00002,Andhra Pradesh NHDP Impl. Phase 4,NHDP-AND-448,Department of Road Transport and Highways,Ministry of Road Transport and Highways,National Highways Development Project,NHDP,Andhra Pradesh,Andhra Pradesh Dist-9,Taluka-10,Village-56,36.350622,78.292945,ONGOING,2022-07-04,2024-08-25,,2022-23,810383304.39,327313213.56,271191768.03,40,24812,SC/ST,2026-09-23,SRC-6881,2,2,2,In Progress
PRJ-00003,Andhra Pradesh PMK Impl. Phase 4,PMK-AND-180,Department of Agriculture,Ministry of Agriculture,PM-KISAN,PMK,Andhra Pradesh,Andhra Pradesh Dist-18,Taluka-19,Village-161,26.460777,93.258647,DELAYED,2022-12-10,2024-03-04,,2022-23,731083127.76,527649637.28,506031987.77,10,50907,Children,2026-09-24,SRC-1750,3,3,3,Delayed
PRJ-00004,Andhra Pradesh POSHAN Impl. Phase 4,POSHAN-AND-750,Department of Women and Child Development,Ministry of Women and Child Development,Poshan Abhiyaan,POSHAN,Andhra Pradesh,Andhra Pradesh Dist-12,Taluka-11,Village-95,18.773904,87.799992,ONGOING,2023-06-01,2024-09-19,,2023-24,856041132.41,787463848.55,390974584.59,15,19217,BPL Families,2026-09-21,SRC-9751,4,4,4,In Progress
PRJ-00005,Andhra Pradesh POSHAN Impl. Phase 2,POSHAN-AND-801,Department of Women and Child Development,Ministry of Women and Child Development,Poshan Abhiyaan,POSHAN,Andhra Pradesh,Andhra Pradesh Dist-11,Taluka-50,Village-199,10.033388,92.121374,ONGOING,2021-09-15,2023-06-30,,2021-22,273598087.65,261350389.3,192554166.54,53,83194,SC/ST,2026-09-18,SRC-2084,4,4,5,In Progress
PRJ-00006,Andhra Pradesh JJM Impl. Phase 3,JJM-AND-242,Department of Drinking Water and Sanitation,Ministry of Jal Shakti,Jal Jeevan Mission,JJM,Andhra Pradesh,Andhra Pradesh Dist-8,Taluka-48,Village-144,24.138137,89.989894,DELAYED,2021-11-04,2024-03-04,,2021-22,398653741.56,378214187.71,211007376.49,68,112811,BPL Families,2026-09-14,SRC-6930,5,5,6,Delayed
PRJ-00007,Andhra Pradesh JJM Impl. Phase 2,JJM-AND-911,Department of Drinking Water and Sanitation,Ministry of Jal Shakti,Jal Jeevan Mission,JJM,Andhra Pradesh,Andhra Pradesh Dist-22,Taluka-28,Village-153,10.255009,79.57615,ONGOING,2022-09-04,2024-07-20,,2022-23,757003246.75,693915917.74,221509222.57,16,123196,BPL Families,2026-09-18,SRC-1188,5,5,7,In Progress
PRJ-00008,Andhra Pradesh POSHAN Impl. Phase 4,POSHAN-AND-103,Department of Women and Child Development,Ministry of Women and Child Development,Poshan Abhiyaan,POSHAN,Andhra Pradesh,Andhra Pradesh Dist-24,Taluka-47,Village-68,36.779132,90.415923,COMPLETED,2023-02-28,2025-02-26,2025-01-21,2023-24,270491064.0,212221088.93,200225615.53,100,133585,All,2026-09-17,SRC-9317,4,4,8,Completed
PRJ-00009,Andhra Pradesh PM-POSHAN Impl. Phase 1,PM-POSHAN-AND-713,Department of School Education and Literacy,Ministry of Education,PM-POSHAN,PM-POSHAN,Andhra Pradesh,Andhra Pradesh Dist-11,Taluka-32,Village-5,11.666538,79.044952,ONGOING,2021-09-04,2023-03-20,,2021-22,541682134.97,469733685.96,288264225.73,25,81112,Women,2026-09-25,SRC-4946,6,6,9,In Progress
PRJ-00010,Andhra Pradesh PM-POSHAN Impl. Phase 4,PM-POSHAN-AND-662,Department of School Education and Literacy,Ministry of Education,PM-POSHAN,PM-POSHAN,Andhra Pradesh,Andhra Pradesh Dist-6,Taluka-17,Village-136,33.875045,80.759431,COMPLETED,2021-06-27,2024-01-12,2024-01-10,2021-22,816943137.15,806151887.07,735674905.73,100,56021,BPL Families,2026-09-20,SRC-6107,6,6,10,Completed
PRJ-00011,Andhra Pradesh NHDP Impl. Phase 2,NHDP-AND-702,Department of Road Transport and Highways,Ministry of Road Transport and Highways,National Highways Development Project,NHDP,Andhra Pradesh,Andhra Pradesh Dist-8,Taluka-1,Village-19,29.068956,70.377902,DELAYED,2022-06-23,2024-06-01,,2022-23,125399174.89,67065786.35,31098857.05,62,18168,All,2026-09-16,SRC-2160,2,2,11,Delayed
PRJ-00012,Andhra Pradesh PM-POSHAN Impl. Phase 4,PM-POSHAN-AND-348,Department of School Education and Literacy,Ministry of Education,PM-POSHAN,PM-POSHAN,Andhra Pradesh,Andhra Pradesh Dist-16,Taluka-27,Village-49,11.154313,87.481008,ONGOING,2022-01-11,2024-05-25,,2022-23,218165623.33,104585787.5,97233522.48,67,93376,SC/ST,2026-09-13,SRC-8651,6,6,12,In Progress
PRJ-00013,Andhra Pradesh PMK Impl. Phase 2,PMK-AND-296,Department of Agriculture,Ministry of Agriculture,PM-KISAN,PMK,Andhra Pradesh,Andhra Pradesh Dist-7,Taluka-35,Village-115,12.493323,73.929409,COMPLETED,2023-02-19,2025-06-17,2025-05-26,2023-24,102925781.8,66034378.86,65120942.05,100,121775,Women,2026-09-24,SRC-8260,3,3,13,Completed
PRJ-00014,Andhra Pradesh PMK Impl. Phase 2,PMK-AND-516,Department of Agriculture,Ministry of Agriculture,PM-KISAN,PMK,Andhra Pradesh,Andhra Pradesh Dist-16,Taluka-31,Village-55,33.647792,94.419622,COMPLETED,2021-05-22,2023-09-16,2023-09-07,2021-22,836847447.15,821280205.38,808853885.55,100,43658,SC/ST,2026-09-26,SRC-7396,3,3,14,Completed
PRJ-00015,Andhra Pradesh PM-JAY Impl. Phase 4,PM-JAY-AND-258,Department of Health and Family Welfare,Ministry of Health and Family Welfare,Ayushman Bharat,PM-JAY,Andhra Pradesh,Andhra Pradesh Dist-7,Taluka-19,Village-56,36.686313,85.206638,PLANNED,2022-01-18,2023-09-23,,2022-23,698108546.08,0.0,0.0,0,142633,All,2026-09-16,SRC-1936,7,7,15,Planned
PRJ-00016,Arunachal Pradesh PM-POSHAN Impl. Phase 1,PM-POSHAN-ARU-971,Department of School Education and Literacy,Ministry of Education,PM-POSHAN,PM-POSHAN,Arunachal Pradesh,Arunachal Pradesh Dist-6,Taluka-5,Village-153,10.384457,93.261847,PLANNED,2022-08-28,2024-08-20,,2022-23,161645564.3,0.0,0.0,0,106347,All,2026-09-19,SRC-1651,6,6,16,Planned
PRJ-00017,Arunachal Pradesh PM-POSHAN Impl. Phase 3,PM-POSHAN-ARU-344,Department of School Education and Literacy,Ministry of Education,PM-POSHAN,PM-POSHAN,Arunachal Pradesh,Arunachal Pradesh Dist-9,Taluka-26,Village-34,28.013355,77.249917,COMPLETED,2022-06-04,2024-10-04,2024-09-20,2022-23,567400789.22,334665415.86,323612286.46,100,83383,All,2026-09-26,SRC-8508,6,6,17,Completed
PRJ-00018,Arunachal Pradesh PM-POSHAN Impl. Phase 2,PM-POSHAN-ARU-478,Department of School Education and Literacy,Ministry of Education,PM-POSHAN,PM-POSHAN,Arunachal Pradesh,Arunachal Pradesh Dist-10,Taluka-11,Village-113,32.745353,88.750888,COMPLETED,2021-06-15,2023-06-15,2023-07-18,2021-22,508355270.58,243743105.63,221045535.92,100,139158,All,2026-09-17,SRC-2697,6,6,18,Completed
PRJ-00019,Arunachal Pradesh JJM Impl. Phase 3,JJM-ARU-308,Department of Drinking Water and Sanitation,Ministry of Jal Shakti,Jal Jeevan Mission,JJM,Arunachal Pradesh,Arunachal Pradesh Dist-22,Taluka-41,Village-68,23.157944,75.856956,DELAYED,2021-07-28,2022-05-13,,2021-22,159670670.23,90861195.72,33099927.73,75,13816,All,2026-09-13,SRC-5533,5,5,19,Delayed
PRJ-00020,Arunachal Pradesh PMAY-G Impl. Phase 4,PMAY-G-ARU-674,Department of Rural Development,Ministry of Rural Development,Pradhan Mantri Awas Yojana - Gramin,PMAY-G,Arunachal Pradesh,Arunachal Pradesh Dist-1,Taluka-8,Village-20,35.995487,88.394059,COMPLETED,2022-03-08,2024-11-01,2024-12-15,2022-23,638927810.41,355993425.52,340033543.26,100,39573,BPL Families,2026-09-25,SRC-7049,1,1,20,Completed
PRJ-00021,Assam PM-POSHAN Impl. Phase 1,PM-POSHAN-ASS-466,Department of School Education and Literacy,Ministry of Education,PM-POSHAN,PM-POSHAN,Assam,Assam Dist-7,Taluka-44,Village-64,27.874456,78.779841,ONGOING,2022-06-15,2023-04-21,,2022-23,311717058.18,292823542.29,240400924.12,10,147270,SC/ST,2026-09-22,SRC-4878,6,6,21,In Progress
PRJ-00022,Assam PMK Impl. Phase 3,PMK-ASS-901,Department of Agriculture,Ministry of Agriculture,PM-KISAN,PMK,Assam,Assam Dist-14,Taluka-43,Village-189,32.07388,76.303963,ONGOING,2023-12-26,2026-09-20,,2023-24,882009123.64,365920727.86,283413027.52,27,28836,SC/ST,2026-09-25,SRC-8711,3,3,22,In Progress
PRJ-00023,Assam JJM Impl. Phase 1,JJM-ASS-775,Department of Drinking Water and Sanitation,Ministry of Jal Shakti,Jal Jeevan Mission,JJM,Assam,Assam Dist-7,Taluka-26,Village-85,16.535209,70.678492,ONGOING,2023-07-16,2025-04-27,,2023-24,308664913.0,270763114.78,102219704.16,49,73670,Farmers,2026-09-14,SRC-9785,5,5,23,In Progress
PRJ-00024,Assam PM-JAY Impl. Phase 3,PM-JAY-ASS-846,Department of Health and Family Welfare,Ministry of Health and Family Welfare,Ayushman Bharat,PM-JAY,Assam,Assam Dist-11,Taluka-28,Village-156,37.139687,71.995905,COMPLETED,2021-07-28,2022-10-18,2022-11-25,2021-22,582686785.07,576935866.79,553660615.52,100,50328,Farmers,2026-09-25,SRC-8144,7,7,24,Completed
PRJ-00025,Assam PMAY-G Impl. Phase 1,PMAY-G-ASS-837,Department of Rural Development,Ministry of Rural Development,Pradhan Mantri Awas Yojana - Gramin,PMAY-G,Assam,Assam Dist-10,Taluka-33,Village-80,27.873273,77.996213,ONGOING,2022-04-08,2023-12-20,,2022-23,949130113.54,904010853.8,620206789.03,13,78004,BPL Families,2026-09-22,SRC-4143,1,1,25,In Progress
PRJ-00026,Assam NHDP Impl. Phase 3,NHDP-ASS-515,Department of Road Transport and Highways,Ministry of Road Transport and Highways,National Highways Development Project,NHDP,Assam,Assam Dist-18,Taluka-1,Village-78,16.777881,80.951812,PLANNED,2023-02-23,2025-09-26,,2023-24,903291518.0,0.0,0.0,0,84975,SC/ST,2026-09-12,SRC-8244,2,2,26,Planned
PRJ-00027,Assam POSHAN Impl. Phase 3,POSHAN-ASS-195,Department of Women and Child Development,Ministry of Women and Child Development,Poshan Abhiyaan,POSHAN,Assam,Assam Dist-25,Taluka-16,Village-173,17.464248,91.687042,ONGOING,2022-09-06,2024-07-01,,2022-23,660556491.27,376696767.68,270395197.13,26,39127,All,2026-09-25,SRC-5011,4,4,27,In Progress
PRJ-00028,Assam NHDP Impl. Phase 2,NHDP-ASS-251,Department of Road Transport and Highways,Ministry of Road Transport and Highways,National Highways Development Project,NHDP,Assam,Assam Dist-21,Taluka-45,Village-2,34.465667,93.222556,COMPLETED,2022-07-11,2024-03-06,2024-01-13,2022-23,631616553.83,326331730.04,309831652.72,100,28441,SC/ST,2026-09-19,SRC-3881,2,2,28,Completed
PRJ-00029,Assam PMK Impl. Phase 1,PMK-ASS-567,Department of Agriculture,Ministry of Agriculture,PM-KISAN,PMK,Assam,Assam Dist-5,Taluka-30,Village-171,23.909051,84.629371,PLANNED,2021-05-22,2023-06-11,,2021-22,252952288.26,0.0,0.0,0,83677,SC/ST,2026-09-13,SRC-9976,3,3,29,Planned
PRJ-00030,Assam NHDP Impl. Phase 4,NHDP-ASS-741,Department of Road Transport and Highways,Ministry of Road Transport and Highways,National Highways Development Project,NHDP,Assam,Assam Dist-8,Taluka-18,Village-113,10.662514,76.843252,ONGOING,2023-05-02,2025-02-26,,2023-24,262895590.72,144157178.39,100531745.0,62,71728,Farmers,2026-09-16,SRC-9849,2,2,30,In Progress
PRJ-00031,Assam PMAY-G Impl. Phase 4,PMAY-G-ASS-438,Department of Rural Development,Ministry of Rural Development,Pradhan Mantri Awas Yojana - Gramin,PMAY-G,Assam,Assam Dist-18,Taluka-30,Village-107,10.218159,92.437398,ONGOING,2021-09-02,2022-10-23,,2021-22,695480063.24,572972282.9,143299510.53,54,102599,BPL Families,2026-09-26,SRC-7232,1,1,31,In Progress
PRJ-00032,Assam NHDP Impl. Phase 2,NHDP-ASS-599,Department of Road Transport and Highways,Ministry of Road Transport and Highways,National Highways Development Project,NHDP,Assam,Assam Dist-8,Taluka-18,Village-112,22.580746,79.78243,COMPLETED,2023-11-22,2025-05-15,2025-06-06,2023-24,754707749.43,688345368.99,648353968.03,100,106489,Children,2026-09-21,SRC-8657,2,2,32,Completed
PRJ-00033,Assam JJM Impl. Phase 4,JJM-ASS-286,Department of Drinking Water and Sanitation,Ministry of Jal Shakti,Jal Jeevan Mission,JJM,Assam,Assam Dist-2,Taluka-17,Village-98,17.958698,81.658931,COMPLETED,2023-10-16,2025-05-21,2025-05-06,2023-24,566570023.11,235841133.46,215457372.2,100,88973,SC/ST,2026-09-18,SRC-7906,5,5,33,Completed
PRJ-00034,Assam PM-JAY Impl. Phase 1,PM-JAY-ASS-872,Department of Health and Family Welfare,Ministry of Health and Family Welfare,Ayushman Bharat,PM-JAY,Assam,Assam Dist-1,Taluka-16,Village-52,32.905482,86.408066,COMPLETED,2022-07-26,2023-02-10,2023-01-06,2022-23,541721952.68,541691993.89,522740579.52,100,63033,Women,2026-09-11,SRC-2874,7,7,34,Completed
PRJ-00035,Bihar JJM Impl. Phase 2,JJM-BIH-720,Department of Drinking Water and Sanitation,Ministry of Jal Shakti,Jal Jeevan Mission,JJM,Bihar,Bihar Dist-20,Taluka-48,Village-184,11.74436,92.050083,PLANNED,2023-03-18,2024-06-02,,2023-24,768063607.86,0.0,0.0,0,82036,All,2026-09-26,SRC-6111,5,5,35,Planned
PRJ-00036,Bihar PM-POSHAN Impl. Phase 2,PM-POSHAN-BIH-204,Department of School Education and Literacy,Ministry of Education,PM-POSHAN,PM-POSHAN,Bihar,Bihar Dist-23,Taluka-50,Village-78,33.228563,85.811731,PLANNED,2022-05-12,2024-11-09,,2022-23,202338128.21,0.0,0.0,0,32233,BPL Families,2026-09-25,SRC-6688,6,6,36,Planned
PRJ-00037,Bihar PM-POSHAN Impl. Phase 3,PM-POSHAN-BIH-112,Department of School Education and Literacy,Ministry of Education,PM-POSHAN,PM-POSHAN,Bihar,Bihar Dist-14,Taluka-32,Village-28,21.058883,79.022359,PLANNED,2023-02-07,2024-08-19,,2023-24,73611952.84,0.0,0.0,0,121017,Children,2026-09-22,SRC-8135,6,6,37,Planned
PRJ-00038,Bihar JJM Impl. Phase 3,JJM-BIH-972,Department of Drinking Water and Sanitation,Ministry of Jal Shakti,Jal Jeevan Mission,JJM,Bihar,Bihar Dist-8,Taluka-6,Village-72,34.143631,75.650108,DELAYED,2022-12-22,2024-12-22,,2022-23,467549402.78,418662792.12,277209279.48,66,122320,BPL Families,2026-09-14,SRC-6511,5,5,38,Delayed
PRJ-00039,Bihar PMAY-G Impl. Phase 2,PMAY-G-BIH-463,Department of Rural Development,Ministry of Rural Development,Pradhan Mantri Awas Yojana - Gramin,PMAY-G,Bihar,Bihar Dist-9,Taluka-22,Village-72,34.105343,88.683737,PLANNED,2023-08-20,2025-01-13,,2023-24,185930657.87,0.0,0.0,0,72922,BPL Families,2026-09-26,SRC-9464,1,1,39,Planned
PRJ-00040,Bihar JJM Impl. Phase 4,JJM-BIH-558,Department of Drinking Water and Sanitation,Ministry of Jal Shakti,Jal Jeevan Mission,JJM,Bihar,Bihar Dist-1,Taluka-6,Village-76,14.870615,88.415934,COMPLETED,2021-12-04,2024-06-08,2024-06-16,2021-22,491134957.61,419870682.01,405003182.91,100,80770,Children,2026-09-15,SRC-8753,5,5,40,Completed
PRJ-00041,Bihar PM-POSHAN Impl. Phase 3,PM-POSHAN-BIH-336,Department of School Education and Literacy,Ministry of Education,PM-POSHAN,PM-POSHAN,Bihar,Bihar Dist-4,Taluka-47,Village-50,17.614,89.87211,DELAYED,2022-06-10,2025-01-08,,2022-23,334137340.71,274564985.06,112932645.5,75,49035,Women,2026-09-20,SRC-8933,6,6,41,Delayed
PRJ-00042,Bihar PM-JAY Impl. Phase 2,PM-JAY-BIH-380,Department of Health and Family Welfare,Ministry of Health and Family Welfare,Ayushman Bharat,PM-JAY,Bihar,Bihar Dist-2,Taluka-4,Village-142,16.93039,95.606554,DELAYED,2021-07-12,2022-07-25,,2021-22,231345747.67,117446121.92,24785327.66,42,129180,All,2026-09-26,SRC-5658,7,7,42,Delayed
PRJ-00043,Bihar NHDP Impl. Phase 1,NHDP-BIH-358,Department of Road Transport and Highways,Ministry of Road Transport and Highways,National Highways Development Project,NHDP,Bihar,Bihar Dist-16,Taluka-8,Village-17,20.100657,70.811342,PLANNED,2022-06-26,2023-12-06,,2022-23,188441852.04,0.0,0.0,0,14553,Women,2026-09-22,SRC-5978,2,2,43,Planned
PRJ-00044,Bihar PMAY-G Impl. Phase 4,PMAY-G-BIH-561,Department of Rural Development,Ministry of Rural Development,Pradhan Mantri Awas Yojana - Gramin,PMAY-G,Bihar,Bihar Dist-15,Taluka-20,Village-151,37.308913,77.403337,ONGOING,2021-07-31,2023-08-21,,2021-22,608286062.99,531912400.93,200018194.0,58,16289,BPL Families,2026-09-23,SRC-4404,1,1,44,In Progress
PRJ-00045,Bihar POSHAN Impl. Phase 1,POSHAN-BIH-518,Department of Women and Child Development,Ministry of Women and Child Development,Poshan Abhiyaan,POSHAN,Bihar,Bihar Dist-15,Taluka-45,Village-153,22.121444,69.630236,ONGOING,2021-12-27,2024-05-01,,2021-22,161271807.91,81327458.27,21027262.95,15,76024,Children,2026-09-17,SRC-8438,4,4,45,In Progress
PRJ-00046,Bihar PMAY-G Impl. Phase 1,PMAY-G-BIH-657,Department of Rural Development,Ministry of Rural Development,Pradhan Mantri Awas Yojana - Gramin,PMAY-G,Bihar,Bihar Dist-8,Taluka-42,Village-39,34.925614,92.258988,ONGOING,2023-11-03,2025-01-26,,2023-24,591840641.26,522206688.5,185017300.6,85,19219,All,2026-09-21,SRC-6039,1,1,46,In Progress
PRJ-00047,Bihar PM-POSHAN Impl. Phase 4,PM-POSHAN-BIH-548,Department of School Education and Literacy,Ministry of Education,PM-POSHAN,PM-POSHAN,Bihar,Bihar Dist-3,Taluka-39,Village-11,34.371148,89.634217,DELAYED,2022-06-24,2023-04-27,,2022-23,690234601.26,565882081.13,529262418.72,64,66132,All,2026-09-24,SRC-4750,6,6,47,Delayed
PRJ-00048,Bihar POSHAN Impl. Phase 4,POSHAN-BIH-384,Department of Women and Child Development,Ministry of Women and Child Development,Poshan Abhiyaan,POSHAN,Bihar,Bihar Dist-6,Taluka-38,Village-112,26.935714,82.714185,COMPLETED,2023-05-24,2025-10-08,2025-08-24,2023-24,273163470.84,115859282.42,109724542.95,100,24418,SC/ST,2026-09-15,SRC-7690,4,4,48,Completed
PRJ-00049,Chhattisgarh PM-JAY Impl. Phase 1,PM-JAY-CHH-565,Department of Health and Family Welfare,Ministry of Health and Family Welfare,Ayushman Bharat,PM-JAY,Chhattisgarh,Chhattisgarh Dist-3,Taluka-21,Village-65,17.839595,96.350265,COMPLETED,2023-08-27,2024-08-05,2024-08-23,2023-24,414586864.34,289083714.4,271751765.49,100,106452,BPL Families,2026-09-26,SRC-9889,7,7,49,Completed
PRJ-00050,Chhattisgarh NHDP Impl. Phase 4,NHDP-CHH-740,Department of Road Transport and Highways,Ministry of Road Transport and Highways,National Highways Development Project,NHDP,Chhattisgarh,Chhattisgarh Dist-15,Taluka-49,Village-14,14.343901,84.35276,PLANNED,2021-05-26,2022-06-02,,2021-22,520847195.5,0.0,0.0,0,76005,SC/ST,2026-09-11,SRC-2989,2,2,50,Planned
PRJ-00051,Chhattisgarh PMAY-G Impl. Phase 1,PMAY-G-CHH-572,Department of Rural Development,Ministry of Rural Development,Pradhan Mantri Awas Yojana - Gramin,PMAY-G,Chhattisgarh,Chhattisgarh Dist-4,Taluka-42,Village-40,22.952565,89.123195,ONGOING,2023-03-28,2024-03-04,,2023-24,553084811.97,404499044.83,110308174.62,44,133897,Children,2026-09-18,SRC-7807,1,1,51,In Progress
PRJ-00052,Chhattisgarh PMK Impl. Phase 2,PMK-CHH-492,Department of Agriculture,Ministry of Agriculture,PM-KISAN,PMK,Chhattisgarh,Chhattisgarh Dist-7,Taluka-39,Village-131,30.191742,72.590488,PLANNED,2022-07-28,2023-09-30,,2022-23,459502540.37,0.0,0.0,0,18800,Farmers,2026-09-13,SRC-6568,3,3,52,Planned
PRJ-00053,Chhattisgarh PMK Impl. Phase 4,PMK-CHH-986,Department of Agriculture,Ministry of Agriculture,PM-KISAN,PMK,Chhattisgarh,Chhattisgarh Dist-5,Taluka-29,Village-138,22.542768,78.174539,DELAYED,2023-07-20,2024-01-18,,2023-24,727420727.7,656486698.11,428252689.83,41,142956,SC/ST,2026-09-12,SRC-6272,3,3,53,Delayed
PRJ-00054,Chhattisgarh PMK Impl. Phase 3,PMK-CHH-862,Department of Agriculture,Ministry of Agriculture,PM-KISAN,PMK,Chhattisgarh,Chhattisgarh Dist-16,Taluka-46,Village-98,19.6735,87.615132,ONGOING,2023-03-16,2024-05-13,,2023-24,386055994.68,352703762.41,183548651.41,78,40373,SC/ST,2026-09-25,SRC-3068,3,3,54,In Progress
PRJ-00055,Chhattisgarh PM-POSHAN Impl. Phase 2,PM-POSHAN-CHH-519,Department of School Education and Literacy,Ministry of Education,PM-POSHAN,PM-POSHAN,Chhattisgarh,Chhattisgarh Dist-21,Taluka-10,Village-20,22.109126,96.322303,DELAYED,2023-09-08,2024-06-16,,2023-24,104213139.25,98613246.9,20903161.02,61,89251,BPL Families,2026-09-14,SRC-2315,6,6,55,Delayed
PRJ-00056,Chhattisgarh PMK Impl. Phase 4,PMK-CHH-993,Department of Agriculture,Ministry of Agriculture,PM-KISAN,PMK,Chhattisgarh,Chhattisgarh Dist-18,Taluka-3,Village-159,10.397886,86.688089,DELAYED,2023-08-21,2026-01-07,,2023-24,383109350.54,226033249.63,171920797.37,73,75834,Women,2026-09-24,SRC-8110,3,3,56,Delayed
PRJ-00057,Chhattisgarh PMAY-G Impl. Phase 3,PMAY-G-CHH-483,Department of Rural Development,Ministry of Rural Development,Pradhan Mantri Awas Yojana - Gramin,PMAY-G,Chhattisgarh,Chhattisgarh Dist-14,Taluka-10,Village-63,23.910056,84.82895,COMPLETED,2022-06-29,2023-06-14,2023-05-17,2022-23,302968749.84,126449567.11,114514235.61,100,47700,Women,2026-09-21,SRC-2293,1,1,57,Completed
PRJ-00058,Chhattisgarh PM-POSHAN Impl. Phase 2,PM-POSHAN-CHH-337,Department of School Education and Literacy,Ministry of Education,PM-POSHAN,PM-POSHAN,Chhattisgarh,Chhattisgarh Dist-15,Taluka-41,Village-66,21.819459,87.70496,PLANNED,2022-12-26,2025-05-23,,2022-23,244625642.9,0.0,0.0,0,122463,Farmers,2026-09-21,SRC-2210,6,6,58,Planned
PRJ-00059,Goa PM-JAY Impl. Phase 4,PM-JAY-GOA-973,Department of Health and Family Welfare,Ministry of Health and Family Welfare,Ayushman Bharat,PM-JAY,Goa,Goa Dist-16,Taluka-7,Village-61,19.535837,78.930336,DELAYED,2023-01-15,2024-09-20,,2023-24,253847733.29,230286184.52,81841236.54,93,78061,Children,2026-09-17,SRC-1359,7,7,59,Delayed
PRJ-00060,Goa PMK Impl. Phase 1,PMK-GOA-720,Department of Agriculture,Ministry of Agriculture,PM-KISAN,PMK,Goa,Goa Dist-24,Taluka-32,Village-74,31.051637,75.258374,PLANNED,2022-01-07,2022-07-14,,2022-23,568099371.87,0.0,0.0,0,92858,Women,2026-09-20,SRC-5106,3,3,60,Planned
PRJ-00061,Goa POSHAN Impl. Phase 3,POSHAN-GOA-849,Department of Women and Child Development,Ministry of Women and Child Development,Poshan Abhiyaan,POSHAN,Goa,Goa Dist-5,Taluka-6,Village-76,17.940198,80.541838,ONGOING,2023-01-04,2023-10-10,,2023-24,648108905.85,379376854.38,206321100.75,85,53137,Women,2026-09-15,SRC-9697,4,4,61,In Progress
PRJ-00062,Goa PM-POSHAN Impl. Phase 3,PM-POSHAN-GOA-864,Department of School Education and Literacy,Ministry of Education,PM-POSHAN,PM-POSHAN,Goa,Goa Dist-11,Taluka-8,Village-120,36.516484,72.711575,DELAYED,2023-07-30,2024-07-12,,2023-24,914478708.77,883855276.45,843692520.95,37,59643,Children,2026-09-14,SRC-6992,6,6,62,Delayed
PRJ-00063,Goa PMAY-G Impl. Phase 4,PMAY-G-GOA-477,Department of Rural Development,Ministry of Rural Development,Pradhan Mantri Awas Yojana - Gramin,PMAY-G,Goa,Goa Dist-22,Taluka-48,Village-173,16.055113,79.559227,PLANNED,2021-04-15,2022-07-09,,2021-22,538889446.73,0.0,0.0,0,97879,All,2026-09-19,SRC-8724,1,1,63,Planned
PRJ-00064,Goa PMAY-G Impl. Phase 3,PMAY-G-GOA-764,Department of Rural Development,Ministry of Rural Development,Pradhan Mantri Awas Yojana - Gramin,PMAY-G,Goa,Goa Dist-14,Taluka-8,Village-36,9.724127,69.760546,DELAYED,2023-10-25,2026-01-06,,2023-24,649414118.74,507349814.47,285195880.66,33,129638,All,2026-09-23,SRC-4846,1,1,64,Delayed
PRJ-00065,Goa PM-POSHAN Impl. Phase 4,PM-POSHAN-GOA-701,Department of School Education and Literacy,Ministry of Education,PM-POSHAN,PM-POSHAN,Goa,Goa Dist-24,Taluka-47,Village-40,34.254082,87.365274,ONGOING,2022-05-03,2024-02-06,,2022-23,672133787.76,568547265.93,533217617.67,52,128779,BPL Families,2026-09-13,SRC-5583,6,6,65,In Progress
PRJ-00066,Goa PMAY-G Impl. Phase 3,PMAY-G-GOA-657,Department of Rural Development,Ministry of Rural Development,Pradhan Mantri Awas Yojana - Gramin,PMAY-G,Goa,Goa Dist-21,Taluka-23,Village-16,20.025678,74.109544,DELAYED,2021-11-09,2023-08-05,,2021-22,950802394.0,868339412.65,240961240.9,61,32523,SC/ST,2026-09-24,SRC-4475,1,1,66,Delayed
PRJ-00067,Goa POSHAN Impl. Phase 2,POSHAN-GOA-700,Department of Women and Child Development,Ministry of Women and Child Development,Poshan Abhiyaan,POSHAN,Goa,Goa Dist-7,Taluka-15,Village-85,31.011562,91.176347,COMPLETED,2021-05-22,2024-02-01,2024-02-19,2021-22,247351052.68,117628864.43,106673031.42,100,1243,Farmers,2026-09-22,SRC-3129,4,4,67,Completed
PRJ-00068,Goa PM-POSHAN Impl. Phase 2,PM-POSHAN-GOA-702,Department of School Education and Literacy,Ministry of Education,PM-POSHAN,PM-POSHAN,Goa,Goa Dist-11,Taluka-2,Village-45,16.148731,72.312618,DELAYED,2023-06-27,2024-06-19,,2023-24,662752354.38,275352454.73,58262116.46,19,110852,BPL Families,2026-09-23,SRC-2041,6,6,68,Delayed
PRJ-00069,Goa NHDP Impl. Phase 1,NHDP-GOA-562,Department of Road Transport and Highways,Ministry of Road Transport and Highways,National Highways Development Project,NHDP,Goa,Goa Dist-17,Taluka-15,Village-158,9.666259,91.021969,PLANNED,2023-06-06,2024-12-07,,2023-24,515671767.82,0.0,0.0,0,137195,Farmers,2026-09-12,SRC-1510,2,2,69,Planned
PRJ-00070,Goa PMAY-G Impl. Phase 1,PMAY-G-GOA-602,Department of Rural Development,Ministry of Rural Development,Pradhan Mantri Awas Yojana - Gramin,PMAY-G,Goa,Goa Dist-23,Taluka-29,Village-19,34.65859,77.880187,PLANNED,2023-08-16,2025-03-29,,2023-24,429142251.18,0.0,0.0,0,39384,All,2026-09-22,SRC-5505,1,1,70,Planned
PRJ-00071,Gujarat POSHAN Impl. Phase 1,POSHAN-GUJ-973,Department of Women and Child Development,Ministry of Women and Child Development,Poshan Abhiyaan,POSHAN,Gujarat,Gujarat Dist-21,Taluka-42,Village-197,24.498989,93.366531,DELAYED,2022-04-26,2024-06-25,,2022-23,298423257.22,209890221.89,112407857.3,72,113240,SC/ST,2026-09-19,SRC-7779,4,4,71,Delayed
PRJ-00072,Gujarat PM-JAY Impl. Phase 3,PM-JAY-GUJ-537,Department of Health and Family Welfare,Ministry of Health and Family Welfare,Ayushman Bharat,PM-JAY,Gujarat,Gujarat Dist-11,Taluka-43,Village-66,19.32959,73.050209,PLANNED,2022-05-14,2024-01-09,,2022-23,730964445.1,0.0,0.0,0,124826,All,2026-09-24,SRC-2398,7,7,72,Planned
PRJ-00073,Gujarat PMAY-G Impl. Phase 2,PMAY-G-GUJ-669,Department of Rural Development,Ministry of Rural Development,Pradhan Mantri Awas Yojana - Gramin,PMAY-G,Gujarat,Gujarat Dist-2,Taluka-38,Village-144,24.801155,87.795378,PLANNED,2021-07-08,2024-02-05,,2021-22,740102018.5,0.0,0.0,0,108191,Farmers,2026-09-13,SRC-1842,1,1,73,Planned
PRJ-00074,Gujarat PM-JAY Impl. Phase 1,PM-JAY-GUJ-458,Department of Health and Family Welfare,Ministry of Health and Family Welfare,Ayushman Bharat,PM-JAY,Gujarat,Gujarat Dist-18,Taluka-24,Village-30,30.668084,85.06185,DELAYED,2022-03-27,2023-01-07,,2022-23,509875484.23,251286067.7,144767845.8,78,112989,BPL Families,2026-09-26,SRC-5381,7,7,74,Delayed
PRJ-00075,Gujarat PMAY-G Impl. Phase 2,PMAY-G-GUJ-679,Department of Rural Development,Ministry of Rural Development,Pradhan Mantri Awas Yojana - Gramin,PMAY-G,Gujarat,Gujarat Dist-22,Taluka-26,Village-18,12.54274,86.745402,ONGOING,2022-01-05,2024-06-22,,2022-23,921929833.43,562943311.66,192243077.97,44,8536,All,2026-09-20,SRC-7163,1,1,75,In Progress
PRJ-00076,Gujarat NHDP Impl. Phase 3,NHDP-GUJ-895,Department of Road Transport and Highways,Ministry of Road Transport and Highways,National Highways Development Project,NHDP,Gujarat,Gujarat Dist-19,Taluka-39,Village-22,34.193592,73.134027,PLANNED,2022-03-16,2023-02-20,,2022-23,373202827.01,0.0,0.0,0,13544,Children,2026-09-24,SRC-5458,2,2,76,Planned
PRJ-00077,Gujarat NHDP Impl. Phase 3,NHDP-GUJ-320,Department of Road Transport and Highways,Ministry of Road Transport and Highways,National Highways Development Project,NHDP,Gujarat,Gujarat Dist-25,Taluka-33,Village-30,18.479047,71.860359,PLANNED,2022-08-11,2024-10-20,,2022-23,444833965.76,0.0,0.0,0,128067,BPL Families,2026-09-17,SRC-1744,2,2,77,Planned
PRJ-00078,Gujarat JJM Impl. Phase 3,JJM-GUJ-316,Department of Drinking Water and Sanitation,Ministry of Jal Shakti,Jal Jeevan Mission,JJM,Gujarat,Gujarat Dist-25,Taluka-9,Village-196,15.86117,78.051487,PLANNED,2022-12-05,2023-07-29,,2022-23,12648650.47,0.0,0.0,0,2526,SC/ST,2026-09-13,SRC-3878,5,5,78,Planned
PRJ-00079,Gujarat JJM Impl. Phase 3,JJM-GUJ-173,Department of Drinking Water and Sanitation,Ministry of Jal Shakti,Jal Jeevan Mission,JJM,Gujarat,Gujarat Dist-13,Taluka-48,Village-11,21.137612,81.802996,PLANNED,2022-09-28,2025-03-16,,2022-23,233960162.5,0.0,0.0,0,20911,Farmers,2026-09-13,SRC-7626,5,5,79,Planned
PRJ-00080,Gujarat POSHAN Impl. Phase 3,POSHAN-GUJ-275,Department of Women and Child Development,Ministry of Women and Child Development,Poshan Abhiyaan,POSHAN,Gujarat,Gujarat Dist-20,Taluka-30,Village-177,35.257277,71.211702,PLANNED,2022-01-22,2022-11-15,,2022-23,408007145.53,0.0,0.0,0,28251,Women,2026-09-13,SRC-7560,4,4,80,Planned
PRJ-00081,Gujarat PM-POSHAN Impl. Phase 1,PM-POSHAN-GUJ-643,Department of School Education and Literacy,Ministry of Education,PM-POSHAN,PM-POSHAN,Gujarat,Gujarat Dist-17,Taluka-13,Village-199,18.601758,89.430305,COMPLETED,2022-05-11,2023-09-20,2023-08-16,2022-23,342815714.74,205634980.62,195568804.59,100,39216,Women,2026-09-23,SRC-3399,6,6,81,Completed
PRJ-00082,Gujarat PM-JAY Impl. Phase 4,PM-JAY-GUJ-575,Department of Health and Family Welfare,Ministry of Health and Family Welfare,Ayushman Bharat,PM-JAY,Gujarat,Gujarat Dist-25,Taluka-37,Village-195,25.320468,88.112304,ONGOING,2021-09-25,2023-11-30,,2021-22,761414219.07,604034016.43,204268587.74,24,148478,Children,2026-09-16,SRC-6179,7,7,82,In Progress
PRJ-00083,Gujarat JJM Impl. Phase 3,JJM-GUJ-915,Department of Drinking Water and Sanitation,Ministry of Jal Shakti,Jal Jeevan Mission,JJM,Gujarat,Gujarat Dist-9,Taluka-38,Village-15,18.676713,70.814434,PLANNED,2021-06-09,2023-03-31,,2021-22,444997023.52,0.0,0.0,0,121543,SC/ST,2026-09-25,SRC-1932,5,5,83,Planned
PRJ-00084,Gujarat PM-JAY Impl. Phase 1,PM-JAY-GUJ-560,Department of Health and Family Welfare,Ministry of Health and Family Welfare,Ayushman Bharat,PM-JAY,Gujarat,Gujarat Dist-19,Taluka-42,Village-49,17.788581,82.255427,DELAYED,2021-06-18,2023-10-06,,2021-22,616933346.47,434469565.85,243700537.35,16,40047,All,2026-09-12,SRC-2695,7,7,84,Delayed
PRJ-00085,Haryana POSHAN Impl. Phase 2,POSHAN-HAR-472,Department of Women and Child Development,Ministry of Women and Child Development,Poshan Abhiyaan,POSHAN,Haryana,Haryana Dist-12,Taluka-19,Village-100,20.336066,78.343464,COMPLETED,2022-08-30,2024-12-18,2025-01-25,2022-23,43946415.57,36237028.72,34512394.57,100,14227,Children,2026-09-16,SRC-2079,4,4,85,Completed
PRJ-00086,Haryana PM-JAY Impl. Phase 2,PM-JAY-HAR-441,Department of Health and Family Welfare,Ministry of Health and Family Welfare,Ayushman Bharat,PM-JAY,Haryana,Haryana Dist-3,Taluka-38,Village-170,12.529709,78.669892,COMPLETED,2022-10-24,2025-03-16,2025-03-27,2022-23,287726239.01,240032793.16,237784710.76,100,103249,Women,2026-09-24,SRC-6072,7,7,86,Completed
PRJ-00087,Haryana PM-POSHAN Impl. Phase 2,PM-POSHAN-HAR-786,Department of School Education and Literacy,Ministry of Education,PM-POSHAN,PM-POSHAN,Haryana,Haryana Dist-23,Taluka-48,Village-176,35.043481,71.36341,PLANNED,2023-01-19,2025-10-05,,2023-24,331834171.48,0.0,0.0,0,111493,BPL Families,2026-09-15,SRC-1298,6,6,87,Planned
PRJ-00088,Haryana PM-JAY Impl. Phase 2,PM-JAY-HAR-258,Department of Health and Family Welfare,Ministry of Health and Family Welfare,Ayushman Bharat,PM-JAY,Haryana,Haryana Dist-3,Taluka-19,Village-26,23.22454,84.083467,DELAYED,2021-10-02,2022-11-05,,2021-22,947929926.2,655742425.36,247020516.76,48,138527,All,2026-09-16,SRC-3147,7,7,88,Delayed
PRJ-00089,Haryana PM-POSHAN Impl. Phase 2,PM-POSHAN-HAR-838,Department of School Education and Literacy,Ministry of Education,PM-POSHAN,PM-POSHAN,Haryana,Haryana Dist-15,Taluka-3,Village-106,19.037543,89.208192,PLANNED,2021-09-05,2022-08-17,,2021-22,184941737.33,0.0,0.0,0,116944,BPL Families,2026-09-17,SRC-8355,6,6,89,Planned
PRJ-00090,Haryana JJM Impl. Phase 4,JJM-HAR-572,Department of Drinking Water and Sanitation,Ministry of Jal Shakti,Jal Jeevan Mission,JJM,Haryana,Haryana Dist-25,Taluka-19,Village-200,19.550675,83.732604,ONGOING,2022-02-11,2024-10-21,,2022-23,904454466.45,467069064.87,340530397.87,65,42982,Women,2026-09-22,SRC-5096,5,5,90,In Progress
PRJ-00091,Haryana PMAY-G Impl. Phase 1,PMAY-G-HAR-828,Department of Rural Development,Ministry of Rural Development,Pradhan Mantri Awas Yojana - Gramin,PMAY-G,Haryana,Haryana Dist-17,Taluka-8,Village-73,10.849154,73.268902,PLANNED,2023-09-13,2025-03-26,,2023-24,556768041.7,0.0,0.0,0,118286,BPL Families,2026-09-22,SRC-8167,1,1,91,Planned
PRJ-00092,Haryana PMAY-G Impl. Phase 3,PMAY-G-HAR-341,Department of Rural Development,Ministry of Rural Development,Pradhan Mantri Awas Yojana - Gramin,PMAY-G,Haryana,Haryana Dist-13,Taluka-6,Village-96,14.956532,77.782519,ONGOING,2023-07-16,2025-04-17,,2023-24,930819567.49,604044322.05,307599962.51,49,26474,Children,2026-09-16,SRC-3392,1,1,92,In Progress
PRJ-00093,Haryana JJM Impl. Phase 1,JJM-HAR-119,Department of Drinking Water and Sanitation,Ministry of Jal Shakti,Jal Jeevan Mission,JJM,Haryana,Haryana Dist-9,Taluka-14,Village-39,24.425084,89.426191,COMPLETED,2022-01-19,2023-11-13,2023-10-15,2022-23,831954933.5,711574958.87,684204104.06,100,138852,SC/ST,2026-09-23,SRC-5720,5,5,93,Completed
PRJ-00094,Haryana JJM Impl. Phase 1,JJM-HAR-956,Department of Drinking Water and Sanitation,Ministry of Jal Shakti,Jal Jeevan Mission,JJM,Haryana,Haryana Dist-16,Taluka-39,Village-138,8.879912,83.388208,DELAYED,2021-08-03,2022-03-19,,2021-22,422726416.03,370451841.34,206174461.44,35,63922,Children,2026-09-22,SRC-5772,5,5,94,Delayed
PRJ-00095,Himachal Pradesh PMAY-G Impl. Phase 3,PMAY-G-HIM-169,Department of Rural Development,Ministry of Rural Development,Pradhan Mantri Awas Yojana - Gramin,PMAY-G,Himachal Pradesh,Himachal Pradesh Dist-17,Taluka-35,Village-130,31.36324,83.167244,DELAYED,2021-12-03,2024-01-06,,2021-22,191377342.24,153279652.2,93242764.57,58,5830,SC/ST,2026-09-11,SRC-1713,1,1,95,Delayed
PRJ-00096,Himachal Pradesh POSHAN Impl. Phase 3,POSHAN-HIM-907,Department of Women and Child Development,Ministry of Women and Child Development,Poshan Abhiyaan,POSHAN,Himachal Pradesh,Himachal Pradesh Dist-3,Taluka-23,Village-62,29.801878,86.605323,PLANNED,2022-04-18,2023-07-01,,2022-23,748580008.6,0.0,0.0,0,87667,Women,2026-09-25,SRC-6772,4,4,96,Planned
PRJ-00097,Himachal Pradesh PM-POSHAN Impl. Phase 4,PM-POSHAN-HIM-746,Department of School Education and Literacy,Ministry of Education,PM-POSHAN,PM-POSHAN,Himachal Pradesh,Himachal Pradesh Dist-6,Taluka-9,Village-17,29.308516,95.592747,DELAYED,2023-07-13,2025-10-28,,2023-24,831231738.48,673970623.38,650407912.77,27,10195,Farmers,2026-09-20,SRC-1717,6,6,97,Delayed
PRJ-00098,Himachal Pradesh PMK Impl. Phase 4,PMK-HIM-359,Department of Agriculture,Ministry of Agriculture,PM-KISAN,PMK,Himachal Pradesh,Himachal Pradesh Dist-2,Taluka-49,Village-166,13.98022,78.873764,ONGOING,2023-09-25,2024-05-04,,2023-24,933704125.05,662211119.98,643348504.93,45,13031,Children,2026-09-16,SRC-5476,3,3,98,In Progress
PRJ-00099,Himachal Pradesh PMAY-G Impl. Phase 4,PMAY-G-HIM-808,Department of Rural Development,Ministry of Rural Development,Pradhan Mantri Awas Yojana - Gramin,PMAY-G,Himachal Pradesh,Himachal Pradesh Dist-16,Taluka-24,Village-133,16.188244,71.054428,DELAYED,2022-06-22,2024-02-01,,2022-23,895164307.48,565732080.72,542822418.28,61,111780,All,2026-09-13,SRC-3956,1,1,99,Delayed
PRJ-00100,Himachal Pradesh PM-POSHAN Impl. Phase 4,PM-POSHAN-HIM-270,Department of School Education and Literacy,Ministry of Education,PM-POSHAN,PM-POSHAN,Himachal Pradesh,Himachal Pradesh Dist-23,Taluka-29,Village-90,21.456186,89.41421,DELAYED,2022-02-23,2022-12-05,,2022-23,331280305.81,191275938.02,104783693.18,15,92921,BPL Families,2026-09-13,SRC-5498,6,6,100,Delayed
PRJ-00101,Himachal Pradesh POSHAN Impl. Phase 1,POSHAN-HIM-246,Department of Women and Child Development,Ministry of Women and Child Development,Poshan Abhiyaan,POSHAN,Himachal Pradesh,Himachal Pradesh Dist-20,Taluka-44,Village-113,9.41613,70.616151,COMPLETED,2021-06-16,2023-10-31,2023-10-10,2021-22,409179180.35,289638142.28,265308153.88,100,96530,Farmers,2026-09-14,SRC-1530,4,4,101,Completed
PRJ-00102,Himachal Pradesh PM-POSHAN Impl. Phase 3,PM-POSHAN-HIM-507,Department of School Education and Literacy,Ministry of Education,PM-POSHAN,PM-POSHAN,Himachal Pradesh,Himachal Pradesh Dist-11,Taluka-42,Village-72,15.68866,71.933285,ONGOING,2023-02-25,2024-11-26,,2023-24,375153311.58,321825524.6,208433193.29,52,49271,SC/ST,2026-09-14,SRC-2929,6,6,102,In Progress
PRJ-00103,Himachal Pradesh PM-JAY Impl. Phase 4,PM-JAY-HIM-304,Department of Health and Family Welfare,Ministry of Health and Family Welfare,Ayushman Bharat,PM-JAY,Himachal Pradesh,Himachal Pradesh Dist-4,Taluka-9,Village-19,21.599646,94.312352,DELAYED,2023-03-22,2024-12-17,,2023-24,996383286.59,569279731.42,520807582.92,32,117183,All,2026-09-16,SRC-6692,7,7,103,Delayed
PRJ-00104,Himachal Pradesh POSHAN Impl. Phase 2,POSHAN-HIM-912,Department of Women and Child Development,Ministry of Women and Child Development,Poshan Abhiyaan,POSHAN,Himachal Pradesh,Himachal Pradesh Dist-12,Taluka-33,Village-58,11.943784,74.427941,COMPLETED,2022-10-16,2024-10-20,2024-11-12,2022-23,891875023.94,812335139.21,806431449.45,100,36905,Women,2026-09-11,SRC-1430,4,4,104,Completed
PRJ-00105,Himachal Pradesh PM-JAY Impl. Phase 4,PM-JAY-HIM-638,Department of Health and Family Welfare,Ministry of Health and Family Welfare,Ayushman Bharat,PM-JAY,Himachal Pradesh,Himachal Pradesh Dist-14,Taluka-50,Village-105,32.44151,70.801895,DELAYED,2022-07-23,2024-08-05,,2022-23,613888620.81,277311470.2,122362787.65,21,83606,Children,2026-09-24,SRC-8372,7,7,105,Delayed
PRJ-00106,Jharkhand POSHAN Impl. Phase 4,POSHAN-JHA-614,Department of Women and Child Development,Ministry of Women and Child Development,Poshan Abhiyaan,POSHAN,Jharkhand,Jharkhand Dist-2,Taluka-8,Village-133,12.868052,73.392727,DELAYED,2021-08-10,2024-04-14,,2021-22,641594959.72,326685962.65,311555959.28,75,85083,Children,2026-09-19,SRC-6669,4,4,106,Delayed
PRJ-00107,Jharkhand PM-POSHAN Impl. Phase 3,PM-POSHAN-JHA-729,Department of School Education and Literacy,Ministry of Education,PM-POSHAN,PM-POSHAN,Jharkhand,Jharkhand Dist-18,Taluka-6,Village-129,27.116833,85.566541,DELAYED,2023-08-15,2024-05-01,,2023-24,200320409.89,195074213.91,80774732.04,37,40921,Women,2026-09-16,SRC-1674,6,6,107,Delayed
PRJ-00108,Jharkhand PMK Impl. Phase 1,PMK-JHA-609,Department of Agriculture,Ministry of Agriculture,PM-KISAN,PMK,Jharkhand,Jharkhand Dist-21,Taluka-35,Village-75,27.143693,77.309682,COMPLETED,2021-06-23,2022-02-04,2022-01-13,2021-22,772167256.95,431482078.61,413020565.69,100,64693,Children,2026-09-14,SRC-5873,3,3,108,Completed
PRJ-00109,Jharkhand NHDP Impl. Phase 3,NHDP-JHA-982,Department of Road Transport and Highways,Ministry of Road Transport and Highways,National Highways Development Project,NHDP,Jharkhand,Jharkhand Dist-23,Taluka-21,Village-188,37.250282,78.543061,COMPLETED,2023-03-07,2023-11-03,2023-12-13,2023-24,442407472.42,305504780.06,293488063.07,100,105021,Women,2026-09-15,SRC-9437,2,2,109,Completed
PRJ-00110,Jharkhand PM-POSHAN Impl. Phase 4,PM-POSHAN-JHA-984,Department of School Education and Literacy,Ministry of Education,PM-POSHAN,PM-POSHAN,Jharkhand,Jharkhand Dist-20,Taluka-27,Village-64,36.510427,94.415859,COMPLETED,2022-02-21,2023-04-24,2023-04-25,2022-23,126909299.54,84998468.79,76928759.14,100,86335,BPL Families,2026-09-16,SRC-4110,6,6,110,Completed
PRJ-00111,Jharkhand PMK Impl. Phase 4,PMK-JHA-617,Department of Agriculture,Ministry of Agriculture,PM-KISAN,PMK,Jharkhand,Jharkhand Dist-15,Taluka-16,Village-56,25.433648,70.086757,ONGOING,2022-08-24,2024-07-31,,2022-23,501265909.86,293302859.22,63962757.98,64,74255,SC/ST,2026-09-11,SRC-5681,3,3,111,In Progress
PRJ-00112,Jharkhand PM-POSHAN Impl. Phase 1,PM-POSHAN-JHA-510,Department of School Education and Literacy,Ministry of Education,PM-POSHAN,PM-POSHAN,Jharkhand,Jharkhand Dist-2,Taluka-37,Village-144,14.083935,84.466853,COMPLETED,2023-08-16,2024-06-01,2024-06-06,2023-24,138265269.27,77246557.73,72636900.85,100,19775,SC/ST,2026-09-12,SRC-5582,6,6,112,Completed
PRJ-00113,Jharkhand PMK Impl. Phase 2,PMK-JHA-303,Department of Agriculture,Ministry of Agriculture,PM-KISAN,PMK,Jharkhand,Jharkhand Dist-20,Taluka-33,Village-103,23.002275,69.991146,COMPLETED,2021-08-10,2022-05-16,2022-05-26,2021-22,376332344.64,373349007.11,349663984.04,100,36423,Children,2026-09-16,SRC-8761,3,3,113,Completed
PRJ-00114,Jharkhand PM-POSHAN Impl. Phase 2,PM-POSHAN-JHA-435,Department of School Education and Literacy,Ministry of Education,PM-POSHAN,PM-POSHAN,Jharkhand,Jharkhand Dist-20,Taluka-21,Village-42,19.874274,86.270264,PLANNED,2021-08-31,2023-11-09,,2021-22,893666033.62,0.0,0.0,0,78942,BPL Families,2026-09-16,SRC-9311,6,6,114,Planned
PRJ-00115,Jharkhand PMK Impl. Phase 1,PMK-JHA-477,Department of Agriculture,Ministry of Agriculture,PM-KISAN,PMK,Jharkhand,Jharkhand Dist-11,Taluka-44,Village-29,37.013023,85.335511,PLANNED,2023-03-27,2025-04-21,,2023-24,303291611.91,0.0,0.0,0,7485,BPL Families,2026-09-11,SRC-5350,3,3,115,Planned
PRJ-00116,Jharkhand POSHAN Impl. Phase 4,POSHAN-JHA-251,Department of Women and Child Development,Ministry of Women and Child Development,Poshan Abhiyaan,POSHAN,Jharkhand,Jharkhand Dist-22,Taluka-16,Village-9,25.119052,88.664846,ONGOING,2023-04-09,2023-11-27,,2023-24,483046539.8,345155784.52,263189090.18,79,50512,All,2026-09-12,SRC-6139,4,4,116,In Progress
PRJ-00117,Jharkhand NHDP Impl. Phase 1,NHDP-JHA-822,Department of Road Transport and Highways,Ministry of Road Transport and Highways,National Highways Development Project,NHDP,Jharkhand,Jharkhand Dist-5,Taluka-34,Village-54,24.777894,97.146502,ONGOING,2022-05-28,2024-10-31,,2022-23,413325522.28,357519707.75,328205358.72,31,125902,BPL Families,2026-09-14,SRC-6140,2,2,117,In Progress
PRJ-00118,Karnataka NHDP Impl. Phase 3,NHDP-KAR-724,Department of Road Transport and Highways,Ministry of Road Transport and Highways,National Highways Development Project,NHDP,Karnataka,Karnataka Dist-16,Taluka-13,Village-64,16.546987,77.207226,DELAYED,2022-10-12,2024-04-06,,2022-23,773129835.23,643672906.48,451717479.06,91,78517,Farmers,2026-09-20,SRC-9011,2,2,118,Delayed
PRJ-00119,Karnataka PM-JAY Impl. Phase 3,PM-JAY-KAR-394,Department of Health and Family Welfare,Ministry of Health and Family Welfare,Ayushman Bharat,PM-JAY,Karnataka,Karnataka Dist-4,Taluka-37,Village-174,24.261174,94.229173,PLANNED,2022-03-24,2024-04-15,,2022-23,934031872.9,0.0,0.0,0,103924,Farmers,2026-09-22,SRC-5758,7,7,119,Planned
PRJ-00120,Karnataka PMAY-G Impl. Phase 4,PMAY-G-KAR-319,Department of Rural Development,Ministry of Rural Development,Pradhan Mantri Awas Yojana - Gramin,PMAY-G,Karnataka,Karnataka Dist-7,Taluka-35,Village-70,35.644299,88.540882,DELAYED,2023-12-05,2026-06-03,,2023-24,349631696.53,232653904.91,93067680.96,15,36485,All,2026-09-19,SRC-4972,1,1,120,Delayed
PRJ-00121,Karnataka PMAY-G Impl. Phase 2,PMAY-G-KAR-105,Department of Rural Development,Ministry of Rural Development,Pradhan Mantri Awas Yojana - Gramin,PMAY-G,Karnataka,Karnataka Dist-18,Taluka-11,Village-105,27.46447,93.798453,ONGOING,2023-01-14,2024-03-07,,2023-24,104696969.25,62627232.51,35602018.98,11,125201,SC/ST,2026-09-20,SRC-5706,1,1,121,In Progress
PRJ-00122,Karnataka PM-JAY Impl. Phase 1,PM-JAY-KAR-279,Department of Health and Family Welfare,Ministry of Health and Family Welfare,Ayushman Bharat,PM-JAY,Karnataka,Karnataka Dist-14,Taluka-12,Village-10,37.517417,80.014345,DELAYED,2023-01-22,2023-09-19,,2023-24,654037236.77,352743289.16,273790694.38,16,130361,Women,2026-09-17,SRC-1613,7,7,122,Delayed
PRJ-00123,Karnataka PMAY-G Impl. Phase 4,PMAY-G-KAR-237,Department of Rural Development,Ministry of Rural Development,Pradhan Mantri Awas Yojana - Gramin,PMAY-G,Karnataka,Karnataka Dist-17,Taluka-30,Village-70,14.030093,71.910433,DELAYED,2022-11-03,2025-01-08,,2022-23,928812571.79,558239825.08,309483849.95,18,43096,Children,2026-09-12,SRC-5215,1,1,123,Delayed
PRJ-00124,Karnataka POSHAN Impl. Phase 2,POSHAN-KAR-725,Department of Women and Child Development,Ministry of Women and Child Development,Poshan Abhiyaan,POSHAN,Karnataka,Karnataka Dist-21,Taluka-26,Village-110,23.446195,71.172026,ONGOING,2021-04-15,2023-11-05,,2021-22,791813826.1,586471743.71,463711798.06,48,25504,Women,2026-09-22,SRC-8822,4,4,124,In Progress
PRJ-00125,Kerala JJM Impl. Phase 1,JJM-KER-367,Department of Drinking Water and Sanitation,Ministry of Jal Shakti,Jal Jeevan Mission,JJM,Kerala,Kerala Dist-21,Taluka-24,Village-178,15.300035,87.731904,COMPLETED,2021-12-24,2023-07-19,2023-08-18,2021-22,449501844.2,251809403.1,241295372.21,100,122500,Farmers,2026-09-21,SRC-7642,5,5,125,Completed
PRJ-00126,Kerala POSHAN Impl. Phase 2,POSHAN-KER-236,Department of Women and Child Development,Ministry of Women and Child Development,Poshan Abhiyaan,POSHAN,Kerala,Kerala Dist-16,Taluka-10,Village-117,30.233857,85.96356,DELAYED,2023-03-08,2024-01-02,,2023-24,916549733.92,528869873.92,359318343.73,86,109511,Children,2026-09-11,SRC-9806,4,4,126,Delayed
PRJ-00127,Kerala PMK Impl. Phase 4,PMK-KER-640,Department of Agriculture,Ministry of Agriculture,PM-KISAN,PMK,Kerala,Kerala Dist-23,Taluka-24,Village-20,35.183545,71.897951,ONGOING,2023-05-21,2024-07-27,,2023-24,755965851.98,698422513.82,184284953.66,92,144062,BPL Families,2026-09-20,SRC-9792,3,3,127,In Progress
PRJ-00128,Kerala JJM Impl. Phase 1,JJM-KER-622,Department of Drinking Water and Sanitation,Ministry of Jal Shakti,Jal Jeevan Mission,JJM,Kerala,Kerala Dist-15,Taluka-4,Village-117,12.252775,80.5396,ONGOING,2022-03-02,2024-02-12,,2022-23,120658822.07,63133629.61,41343384.96,61,148325,All,2026-09-12,SRC-6049,5,5,128,In Progress
PRJ-00129,Kerala POSHAN Impl. Phase 1,POSHAN-KER-654,Department of Women and Child Development,Ministry of Women and Child Development,Poshan Abhiyaan,POSHAN,Kerala,Kerala Dist-2,Taluka-5,Village-121,9.326658,80.352708,COMPLETED,2022-05-11,2023-07-25,2023-06-11,2022-23,8000394.23,4246135.52,4001429.62,100,36001,Children,2026-09-13,SRC-7135,4,4,129,Completed
PRJ-00130,Kerala NHDP Impl. Phase 2,NHDP-KER-769,Department of Road Transport and Highways,Ministry of Road Transport and Highways,National Highways Development Project,NHDP,Kerala,Kerala Dist-12,Taluka-8,Village-46,37.391126,79.902171,PLANNED,2023-09-08,2025-03-27,,2023-24,378767306.13,0.0,0.0,0,33883,Children,2026-09-19,SRC-1056,2,2,130,Planned
PRJ-00131,Kerala PMK Impl. Phase 4,PMK-KER-454,Department of Agriculture,Ministry of Agriculture,PM-KISAN,PMK,Kerala,Kerala Dist-5,Taluka-18,Village-49,35.772383,89.363182,COMPLETED,2022-01-31,2023-11-16,2023-10-21,2022-23,720498505.14,471549568.9,435224411.18,100,30081,All,2026-09-13,SRC-1256,3,3,131,Completed
PRJ-00132,Kerala JJM Impl. Phase 1,JJM-KER-350,Department of Drinking Water and Sanitation,Ministry of Jal Shakti,Jal Jeevan Mission,JJM,Kerala,Kerala Dist-24,Taluka-3,Village-103,21.217714,84.083155,ONGOING,2021-06-08,2022-03-18,,2021-22,38408394.38,29139332.59,21812634.62,81,15296,Women,2026-09-17,SRC-4836,5,5,132,In Progress
PRJ-00133,Kerala PMK Impl. Phase 2,PMK-KER-523,Department of Agriculture,Ministry of Agriculture,PM-KISAN,PMK,Kerala,Kerala Dist-10,Taluka-18,Village-16,24.656169,85.562513,DELAYED,2022-11-13,2025-01-13,,2022-23,819290576.64,444172176.61,392417896.98,91,46410,Children,2026-09-13,SRC-9120,3,3,133,Delayed
PRJ-00134,Kerala PMAY-G Impl. Phase 4,PMAY-G-KER-252,Department of Rural Development,Ministry of Rural Development,Pradhan Mantri Awas Yojana - Gramin,PMAY-G,Kerala,Kerala Dist-10,Taluka-25,Village-48,30.42895,82.195286,DELAYED,2023-11-21,2026-03-08,,2023-24,384248859.3,274614143.23,204071415.27,90,59572,Farmers,2026-09-22,SRC-8586,1,1,134,Delayed
PRJ-00135,Madhya Pradesh PM-POSHAN Impl. Phase 2,PM-POSHAN-MAD-497,Department of School Education and Literacy,Ministry of Education,PM-POSHAN,PM-POSHAN,Madhya Pradesh,Madhya Pradesh Dist-8,Taluka-17,Village-53,18.043679,70.953507,PLANNED,2023-12-18,2025-08-15,,2023-24,559500324.41,0.0,0.0,0,118408,Farmers,2026-09-24,SRC-9775,6,6,135,Planned
PRJ-00136,Madhya Pradesh POSHAN Impl. Phase 2,POSHAN-MAD-923,Department of Women and Child Development,Ministry of Women and Child Development,Poshan Abhiyaan,POSHAN,Madhya Pradesh,Madhya Pradesh Dist-25,Taluka-38,Village-186,28.006355,74.884971,ONGOING,2021-05-23,2022-08-20,,2021-22,675303561.03,514414666.81,453417411.48,53,55259,Farmers,2026-09-17,SRC-1251,4,4,136,In Progress
PRJ-00137,Madhya Pradesh JJM Impl. Phase 2,JJM-MAD-506,Department of Drinking Water and Sanitation,Ministry of Jal Shakti,Jal Jeevan Mission,JJM,Madhya Pradesh,Madhya Pradesh Dist-8,Taluka-36,Village-83,31.045005,79.54886,ONGOING,2023-12-12,2026-07-08,,2023-24,748144831.32,637867120.39,582541212.74,20,140393,Children,2026-09-15,SRC-6053,5,5,137,In Progress
PRJ-00138,Madhya Pradesh PM-JAY Impl. Phase 3,PM-JAY-MAD-308,Department of Health and Family Welfare,Ministry of Health and Family Welfare,Ayushman Bharat,PM-JAY,Madhya Pradesh,Madhya Pradesh Dist-12,Taluka-21,Village-106,9.734891,93.326418,DELAYED,2022-09-08,2024-07-28,,2022-23,103115190.41,101959379.88,57729658.76,64,38752,All,2026-09-18,SRC-7841,7,7,138,Delayed
PRJ-00139,Madhya Pradesh PM-JAY Impl. Phase 3,PM-JAY-MAD-363,Department of Health and Family Welfare,Ministry of Health and Family Welfare,Ayushman Bharat,PM-JAY,Madhya Pradesh,Madhya Pradesh Dist-25,Taluka-32,Village-186,27.137478,82.681974,ONGOING,2021-10-18,2023-03-19,,2021-22,382940575.87,344653269.21,203157646.65,34,44601,Children,2026-09-15,SRC-3773,7,7,139,In Progress
PRJ-00140,Maharashtra POSHAN Impl. Phase 1,POSHAN-MAH-636,Department of Women and Child Development,Ministry of Women and Child Development,Poshan Abhiyaan,POSHAN,Maharashtra,Maharashtra Dist-2,Taluka-5,Village-172,9.81662,68.881939,PLANNED,2021-10-06,2023-10-11,,2021-22,990371923.18,0.0,0.0,0,36542,Children,2026-09-19,SRC-2113,4,4,140,Planned
PRJ-00141,Maharashtra POSHAN Impl. Phase 4,POSHAN-MAH-775,Department of Women and Child Development,Ministry of Women and Child Development,Poshan Abhiyaan,POSHAN,Maharashtra,Maharashtra Dist-16,Taluka-2,Village-2,23.940605,80.423147,ONGOING,2021-04-10,2022-05-18,,2021-22,458729610.68,200129999.98,139576325.98,69,4884,BPL Families,2026-09-18,SRC-9777,4,4,141,In Progress
PRJ-00142,Maharashtra PM-JAY Impl. Phase 2,PM-JAY-MAH-346,Department of Health and Family Welfare,Ministry of Health and Family Welfare,Ayushman Bharat,PM-JAY,Maharashtra,Maharashtra Dist-7,Taluka-40,Village-135,15.770611,78.801571,COMPLETED,2022-08-28,2025-02-07,2025-01-12,2022-23,433420342.63,417742292.58,414318846.22,100,104544,All,2026-09-15,SRC-7652,7,7,142,Completed
PRJ-00143,Maharashtra NHDP Impl. Phase 1,NHDP-MAH-195,Department of Road Transport and Highways,Ministry of Road Transport and Highways,National Highways Development Project,NHDP,Maharashtra,Maharashtra Dist-13,Taluka-25,Village-97,24.538882,70.299276,ONGOING,2023-03-15,2024-04-29,,2023-24,685621417.34,623038073.46,442303364.44,43,2977,Children,2026-09-21,SRC-2354,2,2,143,In Progress
PRJ-00144,Maharashtra NHDP Impl. Phase 1,NHDP-MAH-640,Department of Road Transport and Highways,Ministry of Road Transport and Highways,National Highways Development Project,NHDP,Maharashtra,Maharashtra Dist-2,Taluka-15,Village-55,34.71717,88.4302,PLANNED,2023-01-21,2025-09-30,,2023-24,334614263.91,0.0,0.0,0,149079,SC/ST,2026-09-18,SRC-1762,2,2,144,Planned
PRJ-00145,Maharashtra PMAY-G Impl. Phase 1,PMAY-G-MAH-312,Department of Rural Development,Ministry of Rural Development,Pradhan Mantri Awas Yojana - Gramin,PMAY-G,Maharashtra,Maharashtra Dist-19,Taluka-10,Village-193,32.36417,92.095718,DELAYED,2023-10-08,2025-10-13,,2023-24,659818694.28,334932350.19,289158327.56,77,20668,Farmers,2026-09-21,SRC-4939,1,1,145,Delayed
PRJ-00146,Maharashtra PM-POSHAN Impl. Phase 2,PM-POSHAN-MAH-909,Department of School Education and Literacy,Ministry of Education,PM-POSHAN,PM-POSHAN,Maharashtra,Maharashtra Dist-23,Taluka-47,Village-21,23.023151,96.468215,PLANNED,2023-02-23,2025-02-25,,2023-24,335071190.42,0.0,0.0,0,14576,All,2026-09-13,SRC-4803,6,6,146,Planned
PRJ-00147,Manipur PM-JAY Impl. Phase 3,PM-JAY-MAN-902,Department of Health and Family Welfare,Ministry of Health and Family Welfare,Ayushman Bharat,PM-JAY,Manipur,Manipur Dist-15,Taluka-32,Village-59,18.789687,95.522571,PLANNED,2023-12-19,2026-08-17,,2023-24,329744763.74,0.0,0.0,0,113706,Women,2026-09-14,SRC-2404,7,7,147,Planned
PRJ-00148,Manipur PMK Impl. Phase 2,PMK-MAN-857,Department of Agriculture,Ministry of Agriculture,PM-KISAN,PMK,Manipur,Manipur Dist-13,Taluka-21,Village-93,11.511287,68.848064,DELAYED,2023-06-27,2024-09-01,,2023-24,86627819.62,42667023.35,32218218.38,14,81310,SC/ST,2026-09-15,SRC-5419,3,3,148,Delayed
PRJ-00149,Manipur PMAY-G Impl. Phase 1,PMAY-G-MAN-191,Department of Rural Development,Ministry of Rural Development,Pradhan Mantri Awas Yojana - Gramin,PMAY-G,Manipur,Manipur Dist-12,Taluka-36,Village-24,25.830197,91.056504,ONGOING,2021-06-29,2022-07-05,,2021-22,451599458.64,330951953.83,171523944.02,60,101487,All,2026-09-17,SRC-7779,1,1,149,In Progress
PRJ-00150,Manipur NHDP Impl. Phase 2,NHDP-MAN-242,Department of Road Transport and Highways,Ministry of Road Transport and Highways,National Highways Development Project,NHDP,Manipur,Manipur Dist-9,Taluka-20,Village-69,22.799219,70.503114,COMPLETED,2023-04-13,2025-05-04,2025-03-10,2023-24,992766549.13,541698612.21,524652223.16,100,114447,Farmers,2026-09-13,SRC-5911,2,2,150,Completed
PRJ-00151,Manipur NHDP Impl. Phase 1,NHDP-MAN-238,Department of Road Transport and Highways,Ministry of Road Transport and Highways,National Highways Development Project,NHDP,Manipur,Manipur Dist-10,Taluka-1,Village-102,18.100743,86.375477,COMPLETED,2022-04-05,2023-06-16,2023-04-17,2022-23,250357118.01,194031826.84,178422902.09,100,86887,SC/ST,2026-09-16,SRC-8055,2,2,151,Completed
PRJ-00152,Manipur PMK Impl. Phase 4,PMK-MAN-426,Department of Agriculture,Ministry of Agriculture,PM-KISAN,PMK,Manipur,Manipur Dist-10,Taluka-48,Village-178,26.880752,96.281248,ONGOING,2022-02-02,2023-06-25,,2022-23,947542527.41,493206207.31,219507814.19,82,64050,Farmers,2026-09-14,SRC-5592,3,3,152,In Progress
PRJ-00153,Meghalaya PM-JAY Impl. Phase 4,PM-JAY-MEG-825,Department of Health and Family Welfare,Ministry of Health and Family Welfare,Ayushman Bharat,PM-JAY,Meghalaya,Meghalaya Dist-7,Taluka-29,Village-75,32.673429,70.671022,COMPLETED,2023-11-11,2025-12-07,2026-01-11,2023-24,594265899.08,432255615.05,412808398.49,100,107754,Children,2026-09-11,SRC-3280,7,7,153,Completed
PRJ-00154,Meghalaya POSHAN Impl. Phase 4,POSHAN-MEG-712,Department of Women and Child Development,Ministry of Women and Child Development,Poshan Abhiyaan,POSHAN,Meghalaya,Meghalaya Dist-16,Taluka-38,Village-103,24.003528,95.019629,DELAYED,2021-12-04,2023-02-15,,2021-22,158372518.28,103556111.2,51162190.64,89,110155,BPL Families,2026-09-25,SRC-6890,4,4,154,Delayed
PRJ-00155,Meghalaya POSHAN Impl. Phase 4,POSHAN-MEG-870,Department of Women and Child Development,Ministry of Women and Child Development,Poshan Abhiyaan,POSHAN,Meghalaya,Meghalaya Dist-11,Taluka-28,Village-28,8.707995,76.074044,COMPLETED,2021-07-21,2024-03-14,2024-04-12,2021-22,659313636.36,404162747.96,365536780.5,100,134370,Children,2026-09-19,SRC-8303,4,4,155,Completed
PRJ-00156,Meghalaya PM-JAY Impl. Phase 2,PM-JAY-MEG-453,Department of Health and Family Welfare,Ministry of Health and Family Welfare,Ayushman Bharat,PM-JAY,Meghalaya,Meghalaya Dist-1,Taluka-31,Village-27,17.026621,94.935605,PLANNED,2022-07-19,2025-03-15,,2022-23,681157710.11,0.0,0.0,0,23006,All,2026-09-22,SRC-6707,7,7,156,Planned
PRJ-00157,Meghalaya PM-JAY Impl. Phase 4,PM-JAY-MEG-426,Department of Health and Family Welfare,Ministry of Health and Family Welfare,Ayushman Bharat,PM-JAY,Meghalaya,Meghalaya Dist-3,Taluka-20,Village-12,32.057429,71.97993,DELAYED,2022-07-11,2025-03-20,,2022-23,523509255.65,318806759.68,88037200.07,31,90435,Children,2026-09-23,SRC-3692,7,7,157,Delayed
PRJ-00158,Meghalaya POSHAN Impl. Phase 2,POSHAN-MEG-916,Department of Women and Child Development,Ministry of Women and Child Development,Poshan Abhiyaan,POSHAN,Meghalaya,Meghalaya Dist-13,Taluka-41,Village-48,13.842498,87.433275,ONGOING,2022-09-11,2023-09-04,,2022-23,164335032.66,120935690.6,114598762.6,75,104199,All,2026-09-20,SRC-8365,4,4,158,In Progress
PRJ-00159,Meghalaya PM-POSHAN Impl. Phase 2,PM-POSHAN-MEG-385,Department of School Education and Literacy,Ministry of Education,PM-POSHAN,PM-POSHAN,Meghalaya,Meghalaya Dist-25,Taluka-46,Village-17,25.258559,91.485817,PLANNED,2022-05-04,2022-11-04,,2022-23,706211937.88,0.0,0.0,0,141242,Women,2026-09-15,SRC-6340,6,6,159,Planned
PRJ-00160,Meghalaya JJM Impl. Phase 4,JJM-MEG-640,Department of Drinking Water and Sanitation,Ministry of Jal Shakti,Jal Jeevan Mission,JJM,Meghalaya,Meghalaya Dist-21,Taluka-21,Village-153,19.748266,79.887504,PLANNED,2021-07-26,2022-10-17,,2021-22,672347921.08,0.0,0.0,0,30445,Farmers,2026-09-15,SRC-8501,5,5,160,Planned
PRJ-00161,Meghalaya PM-POSHAN Impl. Phase 2,PM-POSHAN-MEG-420,Department of School Education and Literacy,Ministry of Education,PM-POSHAN,PM-POSHAN,Meghalaya,Meghalaya Dist-4,Taluka-16,Village-79,11.814908,79.339223,ONGOING,2023-07-13,2025-11-28,,2023-24,801610316.27,762499386.52,503502229.97,95,37556,BPL Families,2026-09-14,SRC-7852,6,6,161,In Progress
PRJ-00162,Meghalaya PM-POSHAN Impl. Phase 2,PM-POSHAN-MEG-668,Department of School Education and Literacy,Ministry of Education,PM-POSHAN,PM-POSHAN,Meghalaya,Meghalaya Dist-6,Taluka-32,Village-74,12.496659,77.66553,ONGOING,2022-11-10,2024-06-04,,2022-23,189824930.8,148310405.46,109879869.52,59,118727,BPL Families,2026-09-25,SRC-6882,6,6,162,In Progress
PRJ-00163,Meghalaya PMAY-G Impl. Phase 4,PMAY-G-MEG-518,Department of Rural Development,Ministry of Rural Development,Pradhan Mantri Awas Yojana - Gramin,PMAY-G,Meghalaya,Meghalaya Dist-22,Taluka-32,Village-107,29.136157,81.349775,PLANNED,2021-08-18,2022-09-01,,2021-22,816139860.95,0.0,0.0,0,44344,All,2026-09-26,SRC-4613,1,1,163,Planned
PRJ-00164,Mizoram PMAY-G Impl. Phase 4,PMAY-G-MIZ-662,Department of Rural Development,Ministry of Rural Development,Pradhan Mantri Awas Yojana - Gramin,PMAY-G,Mizoram,Mizoram Dist-17,Taluka-8,Village-147,11.734834,90.790721,DELAYED,2021-11-17,2023-11-17,,2021-22,172367932.55,116243698.24,90572932.39,41,96670,BPL Families,2026-09-25,SRC-8231,1,1,164,Delayed
PRJ-00165,Mizoram PM-POSHAN Impl. Phase 4,PM-POSHAN-MIZ-369,Department of School Education and Literacy,Ministry of Education,PM-POSHAN,PM-POSHAN,Mizoram,Mizoram Dist-12,Taluka-6,Village-113,33.666482,72.045502,ONGOING,2022-06-10,2023-03-21,,2022-23,752588767.27,435466947.19,426524146.59,88,62613,Women,2026-09-15,SRC-8015,6,6,165,In Progress
PRJ-00166,Mizoram JJM Impl. Phase 2,JJM-MIZ-431,Department of Drinking Water and Sanitation,Ministry of Jal Shakti,Jal Jeevan Mission,JJM,Mizoram,Mizoram Dist-23,Taluka-19,Village-75,25.123879,95.843324,ONGOING,2023-06-13,2024-07-08,,2023-24,806413290.9,598394633.43,368119825.33,31,135350,Children,2026-09-23,SRC-3221,5,5,166,In Progress
PRJ-00167,Mizoram PMK Impl. Phase 2,PMK-MIZ-818,Department of Agriculture,Ministry of Agriculture,PM-KISAN,PMK,Mizoram,Mizoram Dist-5,Taluka-16,Village-38,29.17273,92.311731,PLANNED,2023-10-28,2024-06-24,,2023-24,992523794.52,0.0,0.0,0,103444,SC/ST,2026-09-22,SRC-5402,3,3,167,Planned
PRJ-00168,Mizoram POSHAN Impl. Phase 1,POSHAN-MIZ-512,Department of Women and Child Development,Ministry of Women and Child Development,Poshan Abhiyaan,POSHAN,Mizoram,Mizoram Dist-17,Taluka-48,Village-72,28.685346,93.703545,PLANNED,2022-04-20,2024-01-22,,2022-23,80138691.97,0.0,0.0,0,119695,SC/ST,2026-09-16,SRC-1040,4,4,168,Planned
PRJ-00169,Mizoram PMK Impl. Phase 2,PMK-MIZ-539,Department of Agriculture,Ministry of Agriculture,PM-KISAN,PMK,Mizoram,Mizoram Dist-7,Taluka-32,Village-69,17.827662,76.782403,COMPLETED,2023-04-19,2025-01-27,2025-01-06,2023-24,665823101.73,409437021.95,390374635.87,100,143974,BPL Families,2026-09-22,SRC-8951,3,3,169,Completed
PRJ-00170,Mizoram PMK Impl. Phase 1,PMK-MIZ-227,Department of Agriculture,Ministry of Agriculture,PM-KISAN,PMK,Mizoram,Mizoram Dist-6,Taluka-29,Village-117,8.419737,96.003905,DELAYED,2023-10-03,2026-02-27,,2023-24,50713211.03,39338628.96,33541204.71,11,53536,Children,2026-09-22,SRC-5945,3,3,170,Delayed
PRJ-00171,Mizoram JJM Impl. Phase 2,JJM-MIZ-153,Department of Drinking Water and Sanitation,Ministry of Jal Shakti,Jal Jeevan Mission,JJM,Mizoram,Mizoram Dist-13,Taluka-41,Village-79,29.59886,90.224116,DELAYED,2021-07-05,2023-11-02,,2021-22,254137332.16,158354562.72,143305211.7,51,113020,Children,2026-09-24,SRC-2559,5,5,171,Delayed
PRJ-00172,Mizoram PMAY-G Impl. Phase 1,PMAY-G-MIZ-812,Department of Rural Development,Ministry of Rural Development,Pradhan Mantri Awas Yojana - Gramin,PMAY-G,Mizoram,Mizoram Dist-11,Taluka-8,Village-109,28.665705,82.314457,ONGOING,2022-08-02,2023-04-18,,2022-23,595711099.36,423947664.54,231963882.03,21,60517,SC/ST,2026-09-24,SRC-2678,1,1,172,In Progress
PRJ-00173,Nagaland PM-JAY Impl. Phase 2,PM-JAY-NAG-170,Department of Health and Family Welfare,Ministry of Health and Family Welfare,Ayushman Bharat,PM-JAY,Nagaland,Nagaland Dist-17,Taluka-37,Village-3,26.221322,73.377322,DELAYED,2023-09-20,2025-01-18,,2023-24,385807444.64,342605017.98,302214589.66,22,92561,Children,2026-09-20,SRC-3480,7,7,173,Delayed
PRJ-00174,Nagaland NHDP Impl. Phase 1,NHDP-NAG-243,Department of Road Transport and Highways,Ministry of Road Transport and Highways,National Highways Development Project,NHDP,Nagaland,Nagaland Dist-25,Taluka-8,Village-151,29.716267,78.718766,PLANNED,2023-08-29,2024-10-04,,2023-24,91254593.3,0.0,0.0,0,113061,Farmers,2026-09-22,SRC-5059,2,2,174,Planned
PRJ-00175,Nagaland PM-JAY Impl. Phase 3,PM-JAY-NAG-310,Department of Health and Family Welfare,Ministry of Health and Family Welfare,Ayushman Bharat,PM-JAY,Nagaland,Nagaland Dist-17,Taluka-39,Village-131,13.908478,79.864904,COMPLETED,2021-12-11,2023-12-27,2023-12-11,2021-22,602007827.89,460268612.19,446022197.45,100,14804,Women,2026-09-11,SRC-7322,7,7,175,Completed
PRJ-00176,Nagaland PMAY-G Impl. Phase 3,PMAY-G-NAG-424,Department of Rural Development,Ministry of Rural Development,Pradhan Mantri Awas Yojana - Gramin,PMAY-G,Nagaland,Nagaland Dist-5,Taluka-25,Village-146,20.689215,84.271152,ONGOING,2022-08-25,2024-12-05,,2022-23,75656941.69,70605684.56,14785696.65,81,45790,SC/ST,2026-09-24,SRC-1273,1,1,176,In Progress
PRJ-00177,Nagaland PM-POSHAN Impl. Phase 4,PM-POSHAN-NAG-533,Department of School Education and Literacy,Ministry of Education,PM-POSHAN,PM-POSHAN,Nagaland,Nagaland Dist-23,Taluka-26,Village-22,27.103689,84.023178,COMPLETED,2021-04-15,2022-07-07,2022-08-09,2021-22,44627727.63,19470243.73,18509602.55,100,40524,Farmers,2026-09-24,SRC-6077,6,6,177,Completed
PRJ-00178,Nagaland PMAY-G Impl. Phase 1,PMAY-G-NAG-417,Department of Rural Development,Ministry of Rural Development,Pradhan Mantri Awas Yojana - Gramin,PMAY-G,Nagaland,Nagaland Dist-23,Taluka-28,Village-187,36.240097,75.501166,ONGOING,2023-12-24,2024-11-27,,2023-24,330116544.8,248202183.92,197398875.79,73,64588,All,2026-09-13,SRC-2900,1,1,178,In Progress
PRJ-00179,Odisha PM-POSHAN Impl. Phase 1,PM-POSHAN-ODI-267,Department of School Education and Literacy,Ministry of Education,PM-POSHAN,PM-POSHAN,Odisha,Odisha Dist-16,Taluka-23,Village-134,23.502907,92.141446,COMPLETED,2022-02-11,2024-06-22,2024-05-19,2022-23,659762098.77,333435545.52,304667120.02,100,68460,Women,2026-09-15,SRC-3079,6,6,179,Completed
PRJ-00180,Odisha POSHAN Impl. Phase 3,POSHAN-ODI-829,Department of Women and Child Development,Ministry of Women and Child Development,Poshan Abhiyaan,POSHAN,Odisha,Odisha Dist-19,Taluka-41,Village-20,22.887509,83.257284,DELAYED,2023-04-21,2024-02-15,,2023-24,338335971.18,222487955.54,135407568.06,8,15033,SC/ST,2026-09-21,SRC-7024,4,4,180,Delayed
PRJ-00181,Odisha JJM Impl. Phase 1,JJM-ODI-145,Department of Drinking Water and Sanitation,Ministry of Jal Shakti,Jal Jeevan Mission,JJM,Odisha,Odisha Dist-1,Taluka-16,Village-12,22.175526,79.614915,DELAYED,2023-06-01,2024-03-12,,2023-24,675749829.41,317061929.51,246613422.81,78,39843,Women,2026-09-25,SRC-7870,5,5,181,Delayed
PRJ-00182,Odisha JJM Impl. Phase 1,JJM-ODI-283,Department of Drinking Water and Sanitation,Ministry of Jal Shakti,Jal Jeevan Mission,JJM,Odisha,Odisha Dist-8,Taluka-34,Village-12,36.259119,70.664403,DELAYED,2021-12-11,2023-08-09,,2021-22,274901668.22,122807438.57,60272708.22,45,122421,Farmers,2026-09-17,SRC-6362,5,5,182,Delayed
PRJ-00183,Odisha PMAY-G Impl. Phase 3,PMAY-G-ODI-857,Department of Rural Development,Ministry of Rural Development,Pradhan Mantri Awas Yojana - Gramin,PMAY-G,Odisha,Odisha Dist-20,Taluka-16,Village-119,19.15359,96.397946,PLANNED,2021-04-09,2022-10-18,,2021-22,204667797.69,0.0,0.0,0,51728,Children,2026-09-19,SRC-3466,1,1,183,Planned
PRJ-00184,Odisha PMAY-G Impl. Phase 1,PMAY-G-ODI-443,Department of Rural Development,Ministry of Rural Development,Pradhan Mantri Awas Yojana - Gramin,PMAY-G,Odisha,Odisha Dist-1,Taluka-49,Village-169,19.387225,89.735356,PLANNED,2021-04-25,2022-06-17,,2021-22,543837473.95,0.0,0.0,0,81112,All,2026-09-20,SRC-9680,1,1,184,Planned
PRJ-00185,Odisha JJM Impl. Phase 2,JJM-ODI-828,Department of Drinking Water and Sanitation,Ministry of Jal Shakti,Jal Jeevan Mission,JJM,Odisha,Odisha Dist-9,Taluka-6,Village-12,35.301213,94.272693,PLANNED,2022-08-17,2023-04-15,,2022-23,972696439.79,0.0,0.0,0,136751,SC/ST,2026-09-15,SRC-8511,5,5,185,Planned
PRJ-00186,Odisha POSHAN Impl. Phase 4,POSHAN-ODI-778,Department of Women and Child Development,Ministry of Women and Child Development,Poshan Abhiyaan,POSHAN,Odisha,Odisha Dist-5,Taluka-16,Village-75,16.020935,77.677754,COMPLETED,2022-11-16,2023-08-20,2023-08-16,2022-23,137846281.0,122955813.52,117641918.13,100,103510,Children,2026-09-16,SRC-6211,4,4,186,Completed
PRJ-00187,Odisha NHDP Impl. Phase 1,NHDP-ODI-268,Department of Road Transport and Highways,Ministry of Road Transport and Highways,National Highways Development Project,NHDP,Odisha,Odisha Dist-15,Taluka-30,Village-81,20.270167,83.97385,DELAYED,2021-11-26,2022-08-09,,2021-22,140431287.18,121064123.58,34503131.19,30,54930,SC/ST,2026-09-17,SRC-8591,2,2,187,Delayed
PRJ-00188,Odisha PM-JAY Impl. Phase 3,PM-JAY-ODI-251,Department of Health and Family Welfare,Ministry of Health and Family Welfare,Ayushman Bharat,PM-JAY,Odisha,Odisha Dist-3,Taluka-46,Village-64,36.67728,79.992967,COMPLETED,2021-07-02,2022-06-08,2022-04-26,2021-22,687624568.74,615996101.44,556880791.75,100,13332,Children,2026-09-17,SRC-5262,7,7,188,Completed
PRJ-00189,Odisha PMK Impl. Phase 1,PMK-ODI-923,Department of Agriculture,Ministry of Agriculture,PM-KISAN,PMK,Odisha,Odisha Dist-5,Taluka-8,Village-4,10.20074,90.95736,ONGOING,2021-05-02,2022-12-17,,2021-22,558173992.74,407507501.96,111610483.97,62,58771,Women,2026-09-20,SRC-7563,3,3,189,In Progress
PRJ-00190,Odisha PM-JAY Impl. Phase 4,PM-JAY-ODI-928,Department of Health and Family Welfare,Ministry of Health and Family Welfare,Ayushman Bharat,PM-JAY,Odisha,Odisha Dist-5,Taluka-6,Village-85,11.977808,95.554999,COMPLETED,2022-11-18,2025-01-06,2025-02-02,2022-23,917841438.6,408432380.52,375665906.54,100,13774,Women,2026-09-13,SRC-7471,7,7,190,Completed
PRJ-00191,Punjab PMAY-G Impl. Phase 2,PMAY-G-PUN-291,Department of Rural Development,Ministry of Rural Development,Pradhan Mantri Awas Yojana - Gramin,PMAY-G,Punjab,Punjab Dist-9,Taluka-18,Village-115,34.195975,69.687509,PLANNED,2023-03-01,2024-11-06,,2023-24,176943175.77,0.0,0.0,0,64931,Children,2026-09-17,SRC-9173,1,1,191,Planned
PRJ-00192,Punjab NHDP Impl. Phase 2,NHDP-PUN-529,Department of Road Transport and Highways,Ministry of Road Transport and Highways,National Highways Development Project,NHDP,Punjab,Punjab Dist-7,Taluka-42,Village-135,15.675114,97.031487,PLANNED,2021-06-02,2022-02-26,,2021-22,283377107.5,0.0,0.0,0,143016,All,2026-09-14,SRC-6883,2,2,192,Planned
PRJ-00193,Punjab NHDP Impl. Phase 4,NHDP-PUN-376,Department of Road Transport and Highways,Ministry of Road Transport and Highways,National Highways Development Project,NHDP,Punjab,Punjab Dist-6,Taluka-2,Village-82,25.835798,69.535149,PLANNED,2022-03-19,2024-04-16,,2022-23,504881289.27,0.0,0.0,0,74144,All,2026-09-11,SRC-9674,2,2,193,Planned
PRJ-00194,Punjab PM-JAY Impl. Phase 1,PM-JAY-PUN-882,Department of Health and Family Welfare,Ministry of Health and Family Welfare,Ayushman Bharat,PM-JAY,Punjab,Punjab Dist-8,Taluka-37,Village-100,18.760295,92.617834,ONGOING,2023-12-24,2024-12-01,,2023-24,251617768.73,137054104.44,84463410.24,17,46037,Women,2026-09-19,SRC-6210,7,7,194,In Progress
PRJ-00195,Punjab PMK Impl. Phase 2,PMK-PUN-676,Department of Agriculture,Ministry of Agriculture,PM-KISAN,PMK,Punjab,Punjab Dist-7,Taluka-32,Village-139,17.42435,82.677438,DELAYED,2023-10-23,2025-12-16,,2023-24,704935618.51,430722211.12,276854482.21,8,24160,All,2026-09-19,SRC-4584,3,3,195,Delayed
PRJ-00196,Punjab PMAY-G Impl. Phase 2,PMAY-G-PUN-925,Department of Rural Development,Ministry of Rural Development,Pradhan Mantri Awas Yojana - Gramin,PMAY-G,Punjab,Punjab Dist-5,Taluka-22,Village-184,13.581828,91.569097,PLANNED,2021-04-01,2022-09-02,,2021-22,918306704.99,0.0,0.0,0,85326,All,2026-09-26,SRC-3420,1,1,196,Planned
PRJ-00197,Punjab PM-POSHAN Impl. Phase 4,PM-POSHAN-PUN-700,Department of School Education and Literacy,Ministry of Education,PM-POSHAN,PM-POSHAN,Punjab,Punjab Dist-4,Taluka-22,Village-78,17.820014,96.512029,ONGOING,2023-06-02,2024-03-21,,2023-24,861366119.26,840982105.53,413259286.56,72,115022,Children,2026-09-11,SRC-6198,6,6,197,In Progress
PRJ-00198,Punjab JJM Impl. Phase 3,JJM-PUN-230,Department of Drinking Water and Sanitation,Ministry of Jal Shakti,Jal Jeevan Mission,JJM,Punjab,Punjab Dist-6,Taluka-47,Village-1,36.104613,95.737898,DELAYED,2021-11-15,2024-03-25,,2021-22,815381965.26,511269332.74,394963780.36,80,103155,BPL Families,2026-09-25,SRC-3983,5,5,198,Delayed
PRJ-00199,Punjab PM-POSHAN Impl. Phase 3,PM-POSHAN-PUN-863,Department of School Education and Literacy,Ministry of Education,PM-POSHAN,PM-POSHAN,Punjab,Punjab Dist-3,Taluka-16,Village-89,37.085486,73.484791,DELAYED,2023-10-31,2026-01-14,,2023-24,641448538.92,296648229.68,174139732.77,33,23758,Children,2026-09-16,SRC-8317,6,6,199,Delayed
PRJ-00200,Punjab PMAY-G Impl. Phase 1,PMAY-G-PUN-149,Department of Rural Development,Ministry of Rural Development,Pradhan Mantri Awas Yojana - Gramin,PMAY-G,Punjab,Punjab Dist-13,Taluka-29,Village-188,20.653874,73.440646,DELAYED,2021-11-01,2023-01-10,,2021-22,72455806.16,40140137.3,11410515.97,93,109032,SC/ST,2026-09-14,SRC-6754,1,1,200,Delayed
PRJ-00201,Punjab PM-POSHAN Impl. Phase 2,PM-POSHAN-PUN-266,Department of School Education and Literacy,Ministry of Education,PM-POSHAN,PM-POSHAN,Punjab,Punjab Dist-15,Taluka-5,Village-9,17.011332,77.783432,PLANNED,2021-07-13,2023-05-14,,2021-22,789786344.5,0.0,0.0,0,27953,All,2026-09-16,SRC-3787,6,6,201,Planned
PRJ-00202,Punjab NHDP Impl. Phase 4,NHDP-PUN-821,Department of Road Transport and Highways,Ministry of Road Transport and Highways,National Highways Development Project,NHDP,Punjab,Punjab Dist-1,Taluka-28,Village-168,13.217918,94.057968,ONGOING,2023-04-20,2024-01-01,,2023-24,942124972.82,929712395.03,431016019.73,75,41683,All,2026-09-23,SRC-6424,2,2,202,In Progress
PRJ-00203,Rajasthan JJM Impl. Phase 3,JJM-RAJ-776,Department of Drinking Water and Sanitation,Ministry of Jal Shakti,Jal Jeevan Mission,JJM,Rajasthan,Rajasthan Dist-10,Taluka-20,Village-61,11.200745,79.897713,PLANNED,2023-03-15,2025-03-31,,2023-24,723427914.05,0.0,0.0,0,144590,SC/ST,2026-09-22,SRC-1893,5,5,203,Planned
PRJ-00204,Rajasthan PM-JAY Impl. Phase 2,PM-JAY-RAJ-274,Department of Health and Family Welfare,Ministry of Health and Family Welfare,Ayushman Bharat,PM-JAY,Rajasthan,Rajasthan Dist-21,Taluka-19,Village-21,22.228263,71.992004,COMPLETED,2022-06-12,2023-03-08,2023-03-31,2022-23,824777820.55,639247820.89,581522905.09,100,104693,SC/ST,2026-09-11,SRC-5341,7,7,204,Completed
PRJ-00205,Rajasthan PMAY-G Impl. Phase 3,PMAY-G-RAJ-291,Department of Rural Development,Ministry of Rural Development,Pradhan Mantri Awas Yojana - Gramin,PMAY-G,Rajasthan,Rajasthan Dist-15,Taluka-3,Village-68,21.24042,76.206923,PLANNED,2021-10-07,2023-04-19,,2021-22,886065229.29,0.0,0.0,0,70901,BPL Families,2026-09-25,SRC-3476,1,1,205,Planned
PRJ-00206,Rajasthan PMK Impl. Phase 1,PMK-RAJ-960,Department of Agriculture,Ministry of Agriculture,PM-KISAN,PMK,Rajasthan,Rajasthan Dist-13,Taluka-34,Village-108,36.596329,88.281436,COMPLETED,2021-06-27,2023-11-08,2023-11-24,2021-22,809139256.62,524639414.18,484111688.8,100,124972,BPL Families,2026-09-19,SRC-8803,3,3,206,Completed
PRJ-00207,Rajasthan PM-JAY Impl. Phase 2,PM-JAY-RAJ-223,Department of Health and Family Welfare,Ministry of Health and Family Welfare,Ayushman Bharat,PM-JAY,Rajasthan,Rajasthan Dist-25,Taluka-29,Village-45,36.112595,73.464196,COMPLETED,2022-05-10,2024-11-06,2025-01-01,2022-23,504590962.96,474453277.13,459153814.1,100,56045,Women,2026-09-22,SRC-1699,7,7,207,Completed
PRJ-00208,Rajasthan NHDP Impl. Phase 1,NHDP-RAJ-189,Department of Road Transport and Highways,Ministry of Road Transport and Highways,National Highways Development Project,NHDP,Rajasthan,Rajasthan Dist-13,Taluka-36,Village-102,24.519982,93.113789,COMPLETED,2023-03-01,2024-11-15,2024-12-20,2023-24,997282880.64,774226330.5,716769938.47,100,136733,SC/ST,2026-09-26,SRC-9561,2,2,208,Completed
PRJ-00209,Rajasthan PMK Impl. Phase 1,PMK-RAJ-208,Department of Agriculture,Ministry of Agriculture,PM-KISAN,PMK,Rajasthan,Rajasthan Dist-19,Taluka-50,Village-26,31.343772,93.423045,PLANNED,2021-07-25,2023-03-21,,2021-22,153894107.99,0.0,0.0,0,90643,SC/ST,2026-09-18,SRC-7275,3,3,209,Planned
PRJ-00210,Rajasthan POSHAN Impl. Phase 2,POSHAN-RAJ-382,Department of Women and Child Development,Ministry of Women and Child Development,Poshan Abhiyaan,POSHAN,Rajasthan,Rajasthan Dist-13,Taluka-10,Village-159,26.172734,88.469346,PLANNED,2022-11-07,2025-01-18,,2022-23,475681382.92,0.0,0.0,0,10666,SC/ST,2026-09-16,SRC-4892,4,4,210,Planned
PRJ-00211,Sikkim POSHAN Impl. Phase 1,POSHAN-SIK-445,Department of Women and Child Development,Ministry of Women and Child Development,Poshan Abhiyaan,POSHAN,Sikkim,Sikkim Dist-10,Taluka-20,Village-72,33.01112,93.159691,PLANNED,2023-10-30,2025-01-27,,2023-24,897546205.34,0.0,0.0,0,26247,Women,2026-09-22,SRC-5923,4,4,211,Planned
PRJ-00212,Sikkim POSHAN Impl. Phase 4,POSHAN-SIK-719,Department of Women and Child Development,Ministry of Women and Child Development,Poshan Abhiyaan,POSHAN,Sikkim,Sikkim Dist-21,Taluka-6,Village-49,21.298125,94.732835,PLANNED,2023-06-02,2024-10-22,,2023-24,273072881.1,0.0,0.0,0,107237,Children,2026-09-11,SRC-9462,4,4,212,Planned
PRJ-00213,Sikkim PMK Impl. Phase 4,PMK-SIK-238,Department of Agriculture,Ministry of Agriculture,PM-KISAN,PMK,Sikkim,Sikkim Dist-25,Taluka-34,Village-146,9.245286,74.193758,DELAYED,2023-07-20,2024-03-13,,2023-24,792532940.12,348215341.01,262367769.22,70,53119,All,2026-09-19,SRC-1541,3,3,213,Delayed
PRJ-00214,Sikkim NHDP Impl. Phase 1,NHDP-SIK-797,Department of Road Transport and Highways,Ministry of Road Transport and Highways,National Highways Development Project,NHDP,Sikkim,Sikkim Dist-1,Taluka-16,Village-96,22.672573,81.413948,COMPLETED,2023-10-28,2025-04-29,2025-03-30,2023-24,203114223.54,126136198.87,118529457.99,100,124908,BPL Families,2026-09-15,SRC-6640,2,2,214,Completed
PRJ-00215,Sikkim JJM Impl. Phase 2,JJM-SIK-977,Department of Drinking Water and Sanitation,Ministry of Jal Shakti,Jal Jeevan Mission,JJM,Sikkim,Sikkim Dist-8,Taluka-42,Village-58,28.188701,76.368882,DELAYED,2023-05-07,2025-10-08,,2023-24,288644029.55,182405535.55,59658972.91,16,107849,BPL Families,2026-09-26,SRC-1145,5,5,215,Delayed
PRJ-00216,Tamil Nadu JJM Impl. Phase 3,JJM-TAM-533,Department of Drinking Water and Sanitation,Ministry of Jal Shakti,Jal Jeevan Mission,JJM,Tamil Nadu,Tamil Nadu Dist-13,Taluka-23,Village-118,15.758362,82.000893,ONGOING,2022-12-07,2025-09-02,,2022-23,227651181.56,174154594.87,162929264.55,6,136982,BPL Families,2026-09-14,SRC-2676,5,5,216,In Progress
PRJ-00217,Tamil Nadu PMAY-G Impl. Phase 1,PMAY-G-TAM-444,Department of Rural Development,Ministry of Rural Development,Pradhan Mantri Awas Yojana - Gramin,PMAY-G,Tamil Nadu,Tamil Nadu Dist-9,Taluka-41,Village-84,33.555555,76.142687,DELAYED,2022-10-27,2025-02-15,,2022-23,611004854.11,353824085.51,100599806.71,81,78826,Women,2026-09-22,SRC-9475,1,1,217,Delayed
PRJ-00218,Tamil Nadu PMK Impl. Phase 1,PMK-TAM-771,Department of Agriculture,Ministry of Agriculture,PM-KISAN,PMK,Tamil Nadu,Tamil Nadu Dist-16,Taluka-19,Village-67,34.881818,80.231068,ONGOING,2023-10-09,2024-06-03,,2023-24,407077934.13,240888954.9,74469619.98,81,9758,BPL Families,2026-09-20,SRC-6622,3,3,218,In Progress
PRJ-00219,Tamil Nadu POSHAN Impl. Phase 3,POSHAN-TAM-965,Department of Women and Child Development,Ministry of Women and Child Development,Poshan Abhiyaan,POSHAN,Tamil Nadu,Tamil Nadu Dist-6,Taluka-43,Village-143,13.689167,71.481687,ONGOING,2023-03-04,2025-02-28,,2023-24,785972570.02,741892008.4,537172407.03,86,34039,Children,2026-09-18,SRC-3999,4,4,219,In Progress
PRJ-00220,Tamil Nadu POSHAN Impl. Phase 3,POSHAN-TAM-480,Department of Women and Child Development,Ministry of Women and Child Development,Poshan Abhiyaan,POSHAN,Tamil Nadu,Tamil Nadu Dist-9,Taluka-38,Village-76,21.94181,72.056772,DELAYED,2023-01-31,2023-10-29,,2023-24,358506979.14,303485463.82,133389907.25,33,14571,Children,2026-09-24,SRC-8736,4,4,220,Delayed
PRJ-00221,Tamil Nadu JJM Impl. Phase 2,JJM-TAM-450,Department of Drinking Water and Sanitation,Ministry of Jal Shakti,Jal Jeevan Mission,JJM,Tamil Nadu,Tamil Nadu Dist-14,Taluka-37,Village-118,12.582145,93.278227,COMPLETED,2023-09-06,2026-01-30,2026-02-11,2023-24,532189312.11,344786484.05,315506472.85,100,47779,All,2026-09-11,SRC-6449,5,5,221,Completed
PRJ-00222,Tamil Nadu POSHAN Impl. Phase 2,POSHAN-TAM-690,Department of Women and Child Development,Ministry of Women and Child Development,Poshan Abhiyaan,POSHAN,Tamil Nadu,Tamil Nadu Dist-25,Taluka-11,Village-126,31.328158,90.922945,ONGOING,2022-02-15,2024-05-24,,2022-23,9689933.92,5466253.71,4338733.71,12,34422,BPL Families,2026-09-13,SRC-8035,4,4,222,In Progress
PRJ-00223,Tamil Nadu NHDP Impl. Phase 1,NHDP-TAM-646,Department of Road Transport and Highways,Ministry of Road Transport and Highways,National Highways Development Project,NHDP,Tamil Nadu,Tamil Nadu Dist-7,Taluka-47,Village-96,36.142004,94.122182,PLANNED,2023-12-15,2025-10-13,,2023-24,386399837.95,0.0,0.0,0,139707,Women,2026-09-26,SRC-1067,2,2,223,Planned
PRJ-00224,Tamil Nadu POSHAN Impl. Phase 3,POSHAN-TAM-271,Department of Women and Child Development,Ministry of Women and Child Development,Poshan Abhiyaan,POSHAN,Tamil Nadu,Tamil Nadu Dist-3,Taluka-3,Village-77,36.095131,81.6939,ONGOING,2021-11-18,2024-04-26,,2021-22,315531799.18,145657345.97,86316900.57,49,136890,BPL Families,2026-09-16,SRC-8105,4,4,224,In Progress
PRJ-00225,Tamil Nadu POSHAN Impl. Phase 4,POSHAN-TAM-119,Department of Women and Child Development,Ministry of Women and Child Development,Poshan Abhiyaan,POSHAN,Tamil Nadu,Tamil Nadu Dist-8,Taluka-15,Village-187,37.158482,74.718922,ONGOING,2022-03-17,2024-01-27,,2022-23,751365004.35,374878620.77,340156427.3,50,6244,BPL Families,2026-09-21,SRC-3017,4,4,225,In Progress
PRJ-00226,Tamil Nadu PM-JAY Impl. Phase 1,PM-JAY-TAM-769,Department of Health and Family Welfare,Ministry of Health and Family Welfare,Ayushman Bharat,PM-JAY,Tamil Nadu,Tamil Nadu Dist-1,Taluka-4,Village-177,11.781063,81.362957,COMPLETED,2022-04-20,2024-08-02,2024-08-30,2022-23,772393415.03,597740485.22,540833222.52,100,32899,BPL Families,2026-09-18,SRC-8772,7,7,226,Completed
PRJ-00227,Tamil Nadu POSHAN Impl. Phase 3,POSHAN-TAM-737,Department of Women and Child Development,Ministry of Women and Child Development,Poshan Abhiyaan,POSHAN,Tamil Nadu,Tamil Nadu Dist-20,Taluka-45,Village-36,20.629712,94.310725,ONGOING,2021-10-28,2024-04-06,,2021-22,632159783.46,367076141.09,262862626.06,92,134608,Children,2026-09-23,SRC-5631,4,4,227,In Progress
PRJ-00228,Telangana PMK Impl. Phase 4,PMK-TEL-402,Department of Agriculture,Ministry of Agriculture,PM-KISAN,PMK,Telangana,Telangana Dist-6,Taluka-3,Village-141,22.893558,74.619279,COMPLETED,2022-08-23,2023-09-10,2023-08-24,2022-23,203750639.22,113651362.74,104578269.75,100,126503,Farmers,2026-09-19,SRC-1044,3,3,228,Completed
PRJ-00229,Telangana PMAY-G Impl. Phase 1,PMAY-G-TEL-840,Department of Rural Development,Ministry of Rural Development,Pradhan Mantri Awas Yojana - Gramin,PMAY-G,Telangana,Telangana Dist-24,Taluka-7,Village-66,27.214634,81.71741,COMPLETED,2023-10-16,2024-08-04,2024-06-19,2023-24,576282001.37,401358755.73,392509847.63,100,78100,Farmers,2026-09-12,SRC-1820,1,1,229,Completed
PRJ-00230,Telangana PMAY-G Impl. Phase 1,PMAY-G-TEL-197,Department of Rural Development,Ministry of Rural Development,Pradhan Mantri Awas Yojana - Gramin,PMAY-G,Telangana,Telangana Dist-25,Taluka-3,Village-3,33.278363,87.605618,ONGOING,2023-09-13,2024-04-20,,2023-24,363413590.73,292933129.58,155921350.93,42,45198,Farmers,2026-09-15,SRC-8171,1,1,230,In Progress
PRJ-00231,Telangana PM-POSHAN Impl. Phase 4,PM-POSHAN-TEL-567,Department of School Education and Literacy,Ministry of Education,PM-POSHAN,PM-POSHAN,Telangana,Telangana Dist-9,Taluka-25,Village-177,33.23961,91.497124,DELAYED,2023-09-17,2026-04-04,,2023-24,375759042.51,227572314.29,65720371.95,16,44220,All,2026-09-22,SRC-1960,6,6,231,Delayed
PRJ-00232,Telangana PMK Impl. Phase 4,PMK-TEL-897,Department of Agriculture,Ministry of Agriculture,PM-KISAN,PMK,Telangana,Telangana Dist-12,Taluka-40,Village-8,33.587213,93.778582,ONGOING,2021-07-16,2023-03-14,,2021-22,485261476.29,359756388.09,194904134.75,80,34750,SC/ST,2026-09-11,SRC-2850,3,3,232,In Progress
PRJ-00233,Telangana NHDP Impl. Phase 3,NHDP-TEL-112,Department of Road Transport and Highways,Ministry of Road Transport and Highways,National Highways Development Project,NHDP,Telangana,Telangana Dist-23,Taluka-44,Village-135,30.811839,85.134497,PLANNED,2021-05-18,2022-01-17,,2021-22,265304802.89,0.0,0.0,0,148614,Women,2026-09-16,SRC-9504,2,2,233,Planned
PRJ-00234,Tripura POSHAN Impl. Phase 1,POSHAN-TRI-111,Department of Women and Child Development,Ministry of Women and Child Development,Poshan Abhiyaan,POSHAN,Tripura,Tripura Dist-21,Taluka-11,Village-130,33.186291,92.978328,COMPLETED,2022-06-18,2024-10-22,2024-09-19,2022-23,252334109.88,153280277.45,143851649.18,100,43859,All,2026-09-11,SRC-6253,4,4,234,Completed
PRJ-00235,Tripura JJM Impl. Phase 2,JJM-TRI-180,Department of Drinking Water and Sanitation,Ministry of Jal Shakti,Jal Jeevan Mission,JJM,Tripura,Tripura Dist-15,Taluka-29,Village-147,21.484479,93.112793,DELAYED,2023-12-20,2025-03-28,,2023-24,509394685.53,372009584.79,184270231.55,11,117696,Farmers,2026-09-23,SRC-9148,5,5,235,Delayed
PRJ-00236,Tripura POSHAN Impl. Phase 3,POSHAN-TRI-620,Department of Women and Child Development,Ministry of Women and Child Development,Poshan Abhiyaan,POSHAN,Tripura,Tripura Dist-18,Taluka-14,Village-168,28.007052,95.785121,COMPLETED,2021-07-15,2023-02-28,2023-03-08,2021-22,40652772.74,29654542.08,29037084.95,100,95748,All,2026-09-19,SRC-8445,4,4,236,Completed
PRJ-00237,Tripura PM-JAY Impl. Phase 4,PM-JAY-TRI-216,Department of Health and Family Welfare,Ministry of Health and Family Welfare,Ayushman Bharat,PM-JAY,Tripura,Tripura Dist-4,Taluka-49,Village-169,14.875016,78.428678,PLANNED,2023-04-04,2025-08-03,,2023-24,366478074.43,0.0,0.0,0,77041,BPL Families,2026-09-15,SRC-2741,7,7,237,Planned
PRJ-00238,Tripura PMAY-G Impl. Phase 4,PMAY-G-TRI-320,Department of Rural Development,Ministry of Rural Development,Pradhan Mantri Awas Yojana - Gramin,PMAY-G,Tripura,Tripura Dist-15,Taluka-13,Village-184,18.26766,90.278756,ONGOING,2022-08-18,2023-07-07,,2022-23,111426697.99,85409796.35,29576033.31,57,12689,Children,2026-09-23,SRC-8381,1,1,238,In Progress
PRJ-00239,Tripura NHDP Impl. Phase 4,NHDP-TRI-620,Department of Road Transport and Highways,Ministry of Road Transport and Highways,National Highways Development Project,NHDP,Tripura,Tripura Dist-25,Taluka-12,Village-178,25.293788,89.519098,ONGOING,2023-12-13,2025-11-02,,2023-24,532712525.78,228609831.94,212502088.12,5,34154,All,2026-09-14,SRC-6273,2,2,239,In Progress
PRJ-00240,Tripura PM-POSHAN Impl. Phase 2,PM-POSHAN-TRI-380,Department of School Education and Literacy,Ministry of Education,PM-POSHAN,PM-POSHAN,Tripura,Tripura Dist-13,Taluka-22,Village-76,21.623095,72.501097,PLANNED,2022-06-03,2024-08-14,,2022-23,916330690.49,0.0,0.0,0,108698,BPL Families,2026-09-17,SRC-9975,6,6,240,Planned
PRJ-00241,Tripura PMK Impl. Phase 3,PMK-TRI-803,Department of Agriculture,Ministry of Agriculture,PM-KISAN,PMK,Tripura,Tripura Dist-12,Taluka-44,Village-34,37.054996,87.227462,DELAYED,2023-03-30,2025-10-19,,2023-24,634420368.08,330237022.56,226823536.58,75,47112,BPL Families,2026-09-16,SRC-2890,3,3,241,Delayed
PRJ-00242,Tripura PMK Impl. Phase 3,PMK-TRI-998,Department of Agriculture,Ministry of Agriculture,PM-KISAN,PMK,Tripura,Tripura Dist-14,Taluka-1,Village-134,11.508938,79.554804,DELAYED,2022-10-28,2024-08-29,,2022-23,572785003.28,458396597.78,240948281.63,79,14410,Children,2026-09-25,SRC-4275,3,3,242,Delayed
PRJ-00243,Tripura PM-JAY Impl. Phase 2,PM-JAY-TRI-871,Department of Health and Family Welfare,Ministry of Health and Family Welfare,Ayushman Bharat,PM-JAY,Tripura,Tripura Dist-18,Taluka-3,Village-92,32.169566,71.62068,ONGOING,2022-01-19,2024-06-16,,2022-23,150696248.19,65887367.58,53487284.14,37,147794,Women,2026-09-14,SRC-4892,7,7,243,In Progress
PRJ-00244,Tripura PM-POSHAN Impl. Phase 3,PM-POSHAN-TRI-665,Department of School Education and Literacy,Ministry of Education,PM-POSHAN,PM-POSHAN,Tripura,Tripura Dist-2,Taluka-1,Village-191,15.739161,86.386008,DELAYED,2023-03-11,2025-07-18,,2023-24,926852387.11,586264525.58,554739637.84,11,116646,Women,2026-09-15,SRC-9955,6,6,244,Delayed
PRJ-00245,Tripura POSHAN Impl. Phase 2,POSHAN-TRI-277,Department of Women and Child Development,Ministry of Women and Child Development,Poshan Abhiyaan,POSHAN,Tripura,Tripura Dist-24,Taluka-33,Village-31,19.414188,80.912473,ONGOING,2023-06-04,2025-12-12,,2023-24,297706833.2,150775274.7,110438954.14,29,146408,Farmers,2026-09-22,SRC-3636,4,4,245,In Progress
PRJ-00246,Tripura PM-POSHAN Impl. Phase 3,PM-POSHAN-TRI-711,Department of School Education and Literacy,Ministry of Education,PM-POSHAN,PM-POSHAN,Tripura,Tripura Dist-2,Taluka-50,Village-161,26.375773,87.563871,DELAYED,2021-04-06,2022-09-06,,2021-22,711140849.83,350509533.23,112124017.61,64,129094,BPL Families,2026-09-15,SRC-2194,6,6,246,Delayed
PRJ-00247,Uttar Pradesh PM-POSHAN Impl. Phase 4,PM-POSHAN-UTT-194,Department of School Education and Literacy,Ministry of Education,PM-POSHAN,PM-POSHAN,Uttar Pradesh,Uttar Pradesh Dist-12,Taluka-15,Village-55,27.769367,78.135396,ONGOING,2023-12-06,2024-12-08,,2023-24,72835586.76,51209551.0,26855638.95,71,77458,Women,2026-09-11,SRC-1144,6,6,247,In Progress
PRJ-00248,Uttar Pradesh PMAY-G Impl. Phase 3,PMAY-G-UTT-490,Department of Rural Development,Ministry of Rural Development,Pradhan Mantri Awas Yojana - Gramin,PMAY-G,Uttar Pradesh,Uttar Pradesh Dist-4,Taluka-25,Village-66,24.17493,76.760626,DELAYED,2022-07-01,2023-08-31,,2022-23,615632591.58,475686386.66,450921923.39,87,135993,Farmers,2026-09-12,SRC-8975,1,1,248,Delayed
PRJ-00249,Uttar Pradesh PMAY-G Impl. Phase 1,PMAY-G-UTT-741,Department of Rural Development,Ministry of Rural Development,Pradhan Mantri Awas Yojana - Gramin,PMAY-G,Uttar Pradesh,Uttar Pradesh Dist-3,Taluka-14,Village-172,26.781823,74.775491,DELAYED,2023-10-07,2026-01-31,,2023-24,323711193.36,145478163.3,39984093.63,29,111703,All,2026-09-20,SRC-9810,1,1,249,Delayed
PRJ-00250,Uttar Pradesh PMK Impl. Phase 2,PMK-UTT-124,Department of Agriculture,Ministry of Agriculture,PM-KISAN,PMK,Uttar Pradesh,Uttar Pradesh Dist-15,Taluka-46,Village-85,9.50628,70.787569,PLANNED,2023-01-23,2023-10-03,,2023-24,748156371.55,0.0,0.0,0,47159,Farmers,2026-09-24,SRC-4729,3,3,250,Planned
PRJ-00251,Uttar Pradesh PM-JAY Impl. Phase 4,PM-JAY-UTT-423,Department of Health and Family Welfare,Ministry of Health and Family Welfare,Ayushman Bharat,PM-JAY,Uttar Pradesh,Uttar Pradesh Dist-1,Taluka-25,Village-173,11.854528,68.868119,PLANNED,2022-05-03,2024-02-03,,2022-23,632066178.3,0.0,0.0,0,17077,Children,2026-09-25,SRC-2189,7,7,251,Planned
PRJ-00252,Uttar Pradesh PM-JAY Impl. Phase 4,PM-JAY-UTT-941,Department of Health and Family Welfare,Ministry of Health and Family Welfare,Ayushman Bharat,PM-JAY,Uttar Pradesh,Uttar Pradesh Dist-22,Taluka-2,Village-122,12.964645,74.966173,COMPLETED,2022-01-22,2024-10-03,2024-09-06,2022-23,304843956.3,137759938.89,130013368.96,100,102996,BPL Families,2026-09-17,SRC-3360,7,7,252,Completed
PRJ-00253,Uttar Pradesh PM-JAY Impl. Phase 4,PM-JAY-UTT-650,Department of Health and Family Welfare,Ministry of Health and Family Welfare,Ayushman Bharat,PM-JAY,Uttar Pradesh,Uttar Pradesh Dist-18,Taluka-6,Village-79,14.533544,89.830769,DELAYED,2023-12-07,2024-06-15,,2023-24,875393092.98,424411860.8,98711004.86,75,90638,Women,2026-09-13,SRC-9397,7,7,253,Delayed
PRJ-00254,Uttar Pradesh JJM Impl. Phase 1,JJM-UTT-971,Department of Drinking Water and Sanitation,Ministry of Jal Shakti,Jal Jeevan Mission,JJM,Uttar Pradesh,Uttar Pradesh Dist-25,Taluka-36,Village-119,27.224496,70.78462,ONGOING,2021-10-06,2022-11-16,,2021-22,835574625.03,431654282.72,147392338.19,83,18158,Farmers,2026-09-23,SRC-4234,5,5,254,In Progress
PRJ-00255,Uttar Pradesh POSHAN Impl. Phase 2,POSHAN-UTT-202,Department of Women and Child Development,Ministry of Women and Child Development,Poshan Abhiyaan,POSHAN,Uttar Pradesh,Uttar Pradesh Dist-10,Taluka-40,Village-18,34.683463,77.756899,PLANNED,2023-12-01,2025-05-02,,2023-24,360352667.22,0.0,0.0,0,118634,Farmers,2026-09-17,SRC-3496,4,4,255,Planned
PRJ-00256,Uttar Pradesh PM-POSHAN Impl. Phase 4,PM-POSHAN-UTT-383,Department of School Education and Literacy,Ministry of Education,PM-POSHAN,PM-POSHAN,Uttar Pradesh,Uttar Pradesh Dist-12,Taluka-9,Village-174,29.802806,93.719746,DELAYED,2023-07-07,2024-11-21,,2023-24,172796313.35,101591940.98,82575442.07,59,121832,SC/ST,2026-09-15,SRC-6004,6,6,256,Delayed
PRJ-00257,Uttarakhand PM-POSHAN Impl. Phase 2,PM-POSHAN-UTT-369,Department of School Education and Literacy,Ministry of Education,PM-POSHAN,PM-POSHAN,Uttarakhand,Uttarakhand Dist-24,Taluka-41,Village-20,29.640821,94.124998,COMPLETED,2021-09-27,2024-01-16,2023-12-30,2021-22,86563824.62,49200243.24,48665422.03,100,133453,Children,2026-09-26,SRC-7637,6,6,257,Completed
PRJ-00258,Uttarakhand PMK Impl. Phase 2,PMK-UTT-474,Department of Agriculture,Ministry of Agriculture,PM-KISAN,PMK,Uttarakhand,Uttarakhand Dist-13,Taluka-15,Village-198,25.616342,93.129178,ONGOING,2023-10-16,2024-05-20,,2023-24,264313239.83,247500687.17,153685094.1,75,35596,SC/ST,2026-09-24,SRC-7500,3,3,258,In Progress
PRJ-00259,Uttarakhand PM-JAY Impl. Phase 2,PM-JAY-UTT-556,Department of Health and Family Welfare,Ministry of Health and Family Welfare,Ayushman Bharat,PM-JAY,Uttarakhand,Uttarakhand Dist-6,Taluka-12,Village-145,36.102385,87.493279,COMPLETED,2023-02-08,2024-04-07,2024-02-19,2023-24,964180266.99,953682194.59,930527369.91,100,38825,Children,2026-09-11,SRC-6878,7,7,259,Completed
PRJ-00260,Uttarakhand PMAY-G Impl. Phase 2,PMAY-G-UTT-630,Department of Rural Development,Ministry of Rural Development,Pradhan Mantri Awas Yojana - Gramin,PMAY-G,Uttarakhand,Uttarakhand Dist-12,Taluka-25,Village-121,35.202737,93.824231,ONGOING,2023-05-20,2025-03-29,,2023-24,67546855.61,41991253.32,9800363.13,34,10960,Children,2026-09-16,SRC-2691,1,1,260,In Progress
PRJ-00261,Uttarakhand POSHAN Impl. Phase 4,POSHAN-UTT-474,Department of Women and Child Development,Ministry of Women and Child Development,Poshan Abhiyaan,POSHAN,Uttarakhand,Uttarakhand Dist-19,Taluka-42,Village-20,23.486557,79.42537,DELAYED,2023-08-03,2026-02-27,,2023-24,580738277.75,430963605.87,212807442.87,38,58931,BPL Families,2026-09-14,SRC-6781,4,4,261,Delayed
PRJ-00262,Uttarakhand PMK Impl. Phase 4,PMK-UTT-269,Department of Agriculture,Ministry of Agriculture,PM-KISAN,PMK,Uttarakhand,Uttarakhand Dist-8,Taluka-5,Village-132,27.189528,74.728237,DELAYED,2022-08-12,2025-04-29,,2022-23,887736083.8,358608636.18,318439702.91,66,49496,Women,2026-09-15,SRC-2938,3,3,262,Delayed
PRJ-00263,Uttarakhand POSHAN Impl. Phase 2,POSHAN-UTT-762,Department of Women and Child Development,Ministry of Women and Child Development,Poshan Abhiyaan,POSHAN,Uttarakhand,Uttarakhand Dist-14,Taluka-2,Village-63,9.659814,85.044366,ONGOING,2022-05-30,2023-10-30,,2022-23,484109066.14,332722732.18,121227221.97,19,42739,Women,2026-09-25,SRC-3406,4,4,263,In Progress
PRJ-00264,Uttarakhand PMAY-G Impl. Phase 1,PMAY-G-UTT-999,Department of Rural Development,Ministry of Rural Development,Pradhan Mantri Awas Yojana - Gramin,PMAY-G,Uttarakhand,Uttarakhand Dist-24,Taluka-47,Village-170,32.382057,95.696735,ONGOING,2021-12-21,2022-12-20,,2021-22,958447144.8,728050361.78,465669506.16,71,57278,SC/ST,2026-09-11,SRC-8891,1,1,264,In Progress
PRJ-00265,Uttarakhand JJM Impl. Phase 3,JJM-UTT-271,Department of Drinking Water and Sanitation,Ministry of Jal Shakti,Jal Jeevan Mission,JJM,Uttarakhand,Uttarakhand Dist-24,Taluka-44,Village-88,35.332677,85.701201,ONGOING,2023-07-30,2025-03-21,,2023-24,146998576.38,110188322.21,88001053.75,81,18546,Women,2026-09-14,SRC-7315,5,5,265,In Progress
PRJ-00266,Uttarakhand JJM Impl. Phase 1,JJM-UTT-281,Department of Drinking Water and Sanitation,Ministry of Jal Shakti,Jal Jeevan Mission,JJM,Uttarakhand,Uttarakhand Dist-16,Taluka-40,Village-154,9.539868,91.040245,COMPLETED,2021-04-17,2022-05-09,2022-05-03,2021-22,860293733.55,604455897.26,553050622.08,100,132444,All,2026-09-24,SRC-8901,5,5,266,Completed
PRJ-00267,Uttarakhand POSHAN Impl. Phase 4,POSHAN-UTT-634,Department of Women and Child Development,Ministry of Women and Child Development,Poshan Abhiyaan,POSHAN,Uttarakhand,Uttarakhand Dist-14,Taluka-24,Village-12,28.77117,80.925254,ONGOING,2023-10-11,2025-12-16,,2023-24,828384169.76,777174596.69,625158414.0,74,126885,SC/ST,2026-09-15,SRC-2600,4,4,267,In Progress
PRJ-00268,Uttarakhand NHDP Impl. Phase 4,NHDP-UTT-363,Department of Road Transport and Highways,Ministry of Road Transport and Highways,National Highways Development Project,NHDP,Uttarakhand,Uttarakhand Dist-7,Taluka-1,Village-182,30.114454,68.902751,ONGOING,2021-12-17,2023-10-16,,2021-22,910534929.89,410005273.08,273337408.88,34,137480,All,2026-09-26,SRC-7144,2,2,268,In Progress
PRJ-00269,West Bengal JJM Impl. Phase 4,JJM-WES-678,Department of Drinking Water and Sanitation,Ministry of Jal Shakti,Jal Jeevan Mission,JJM,West Bengal,West Bengal Dist-12,Taluka-40,Village-71,37.360521,80.027443,DELAYED,2022-05-24,2023-11-25,,2022-23,159004687.66,125764051.86,50033156.25,18,53897,SC/ST,2026-09-11,SRC-3928,5,5,269,Delayed
PRJ-00270,West Bengal PM-JAY Impl. Phase 4,PM-JAY-WES-853,Department of Health and Family Welfare,Ministry of Health and Family Welfare,Ayushman Bharat,PM-JAY,West Bengal,West Bengal Dist-5,Taluka-43,Village-31,30.236174,81.427954,PLANNED,2021-12-16,2023-04-24,,2021-22,579762897.32,0.0,0.0,0,42913,All,2026-09-20,SRC-9328,7,7,270,Planned
PRJ-00271,West Bengal NHDP Impl. Phase 1,NHDP-WES-923,Department of Road Transport and Highways,Ministry of Road Transport and Highways,National Highways Development Project,NHDP,West Bengal,West Bengal Dist-3,Taluka-10,Village-121,35.435164,81.108257,DELAYED,2023-06-30,2025-07-12,,2023-24,698572121.68,575675094.74,187310656.48,83,17298,Farmers,2026-09-19,SRC-7075,2,2,271,Delayed
PRJ-00272,West Bengal PMAY-G Impl. Phase 1,PMAY-G-WES-892,Department of Rural Development,Ministry of Rural Development,Pradhan Mantri Awas Yojana - Gramin,PMAY-G,West Bengal,West Bengal Dist-6,Taluka-41,Village-127,21.217984,74.448656,COMPLETED,2023-04-12,2024-11-05,2024-09-07,2023-24,984525860.13,756489344.83,734672633.29,100,136330,Farmers,2026-09-20,SRC-1550,1,1,272,Completed
PRJ-00273,West Bengal PMK Impl. Phase 2,PMK-WES-188,Department of Agriculture,Ministry of Agriculture,PM-KISAN,PMK,West Bengal,West Bengal Dist-9,Taluka-50,Village-103,18.711328,79.961579,ONGOING,2022-12-21,2023-12-09,,2022-23,40880827.48,22220936.29,4449166.35,91,53010,BPL Families,2026-09-26,SRC-2124,3,3,273,In Progress
PRJ-00274,West Bengal PMAY-G Impl. Phase 2,PMAY-G-WES-565,Department of Rural Development,Ministry of Rural Development,Pradhan Mantri Awas Yojana - Gramin,PMAY-G,West Bengal,West Bengal Dist-13,Taluka-37,Village-2,16.024339,80.303337,DELAYED,2023-04-14,2025-05-05,,2023-24,351354772.01,343615339.57,142832691.81,79,28409,BPL Families,2026-09-24,SRC-9243,1,1,274,Delayed
PRJ-00275,West Bengal PM-JAY Impl. Phase 3,PM-JAY-WES-810,Department of Health and Family Welfare,Ministry of Health and Family Welfare,Ayushman Bharat,PM-JAY,West Bengal,West Bengal Dist-15,Taluka-25,Village-145,22.521993,75.633288,DELAYED,2023-11-26,2024-09-20,,2023-24,956925802.84,885795429.23,738979206.19,70,89540,SC/ST,2026-09-12,SRC-1448,7,7,275,Delayed
PRJ-00276,West Bengal NHDP Impl. Phase 3,NHDP-WES-522,Department of Road Transport and Highways,Ministry of Road Transport and Highways,National Highways Development Project,NHDP,West Bengal,West Bengal Dist-12,Taluka-34,Village-138,8.683917,92.417046,COMPLETED,2021-12-21,2022-08-27,2022-09-08,2021-22,635493488.57,633281221.36,584514143.12,100,65579,Farmers,2026-09-24,SRC-7536,2,2,276,Completed
PRJ-00277,West Bengal POSHAN Impl. Phase 3,POSHAN-WES-287,Department of Women and Child Development,Ministry of Women and Child Development,Poshan Abhiyaan,POSHAN,West Bengal,West Bengal Dist-24,Taluka-44,Village-49,22.970781,74.390496,DELAYED,2021-06-17,2023-07-04,,2021-22,479172676.82,293312499.41,263267525.49,27,63953,Farmers,2026-09-20,SRC-4755,4,4,277,Delayed
PRJ-00278,West Bengal JJM Impl. Phase 4,JJM-WES-728,Department of Drinking Water and Sanitation,Ministry of Jal Shakti,Jal Jeevan Mission,JJM,West Bengal,West Bengal Dist-1,Taluka-49,Village-139,36.373398,92.868302,ONGOING,2023-08-05,2025-10-26,,2023-24,160215590.63,74342208.83,68227319.88,50,97806,BPL Families,2026-09-16,SRC-9066,5,5,278,In Progress
PRJ-00279,West Bengal PM-POSHAN Impl. Phase 1,PM-POSHAN-WES-638,Department of School Education and Literacy,Ministry of Education,PM-POSHAN,PM-POSHAN,West Bengal,West Bengal Dist-14,Taluka-31,Village-139,9.350829,78.597735,DELAYED,2022-08-16,2023-08-18,,2022-23,283865290.07,151372775.4,98361854.67,70,46322,SC/ST,2026-09-23,SRC-9490,6,6,279,Delayed
PRJ-00280,West Bengal NHDP Impl. Phase 3,NHDP-WES-727,Department of Road Transport and Highways,Ministry of Road Transport and Highways,National Highways Development Project,NHDP,West Bengal,West Bengal Dist-9,Taluka-12,Village-141,16.075192,76.378135,DELAYED,2023-03-07,2023-09-11,,2023-24,675732545.14,424128128.39,118155015.49,6,90440,Farmers,2026-09-21,SRC-9171,2,2,280,Delayed
PRJ-00281,West Bengal NHDP Impl. Phase 2,NHDP-WES-689,Department of Road Transport and Highways,Ministry of Road Transport and Highways,National Highways Development Project,NHDP,West Bengal,West Bengal Dist-22,Taluka-15,Village-26,29.447811,91.616496,ONGOING,2022-06-04,2024-11-17,,2022-23,368252596.3,235812596.96,130066827.12,52,146079,SC/ST,2026-09-14,SRC-4212,2,2,281,In Progress
PRJ-00282,West Bengal JJM Impl. Phase 3,JJM-WES-904,Department of Drinking Water and Sanitation,Ministry of Jal Shakti,Jal Jeevan Mission,JJM,West Bengal,West Bengal Dist-16,Taluka-20,Village-65,24.814443,84.883284,ONGOING,2022-07-29,2023-02-03,,2022-23,424413065.67,204008150.23,182944496.28,27,104938,All,2026-09-21,SRC-1983,5,5,282,In Progress
PRJ-00283,West Bengal JJM Impl. Phase 3,JJM-WES-452,Department of Drinking Water and Sanitation,Ministry of Jal Shakti,Jal Jeevan Mission,JJM,West Bengal,West Bengal Dist-1,Taluka-27,Village-32,18.651842,88.068197,DELAYED,2022-08-01,2024-11-02,,2022-23,452605544.97,271922660.98,130944459.75,17,52655,BPL Families,2026-09-21,SRC-5663,5,5,283,Delayed
PRJ-00284,Andaman and Nicobar Islands PM-JAY Impl. Phase 1,PM-JAY-AND-490,Department of Health and Family Welfare,Ministry of Health and Family Welfare,Ayushman Bharat,PM-JAY,Andaman and Nicobar Islands,Andaman and Nicobar Islands Dist-20,Taluka-19,Village-119,26.845996,72.828178,PLANNED,2023-06-03,2025-12-23,,2023-24,449695466.5,0.0,0.0,0,44428,Children,2026-09-16,SRC-7911,7,7,284,Planned
PRJ-00285,Andaman and Nicobar Islands POSHAN Impl. Phase 3,POSHAN-AND-333,Department of Women and Child Development,Ministry of Women and Child Development,Poshan Abhiyaan,POSHAN,Andaman and Nicobar Islands,Andaman and Nicobar Islands Dist-11,Taluka-21,Village-168,16.907606,76.322963,PLANNED,2023-08-18,2024-04-27,,2023-24,83716367.83,0.0,0.0,0,104166,Farmers,2026-09-12,SRC-6950,4,4,285,Planned
PRJ-00286,Andaman and Nicobar Islands POSHAN Impl. Phase 1,POSHAN-AND-228,Department of Women and Child Development,Ministry of Women and Child Development,Poshan Abhiyaan,POSHAN,Andaman and Nicobar Islands,Andaman and Nicobar Islands Dist-24,Taluka-16,Village-170,15.748093,89.900447,PLANNED,2022-05-29,2023-05-15,,2022-23,187966768.11,0.0,0.0,0,21488,Women,2026-09-21,SRC-7505,4,4,286,Planned
PRJ-00287,Andaman and Nicobar Islands PMAY-G Impl. Phase 1,PMAY-G-AND-368,Department of Rural Development,Ministry of Rural Development,Pradhan Mantri Awas Yojana - Gramin,PMAY-G,Andaman and Nicobar Islands,Andaman and Nicobar Islands Dist-20,Taluka-10,Village-22,27.521114,93.935933,COMPLETED,2021-06-05,2023-03-31,2023-03-21,2021-22,58556311.03,50508344.72,50488210.74,100,81599,Women,2026-09-19,SRC-5655,1,1,287,Completed
PRJ-00288,Andaman and Nicobar Islands NHDP Impl. Phase 3,NHDP-AND-984,Department of Road Transport and Highways,Ministry of Road Transport and Highways,National Highways Development Project,NHDP,Andaman and Nicobar Islands,Andaman and Nicobar Islands Dist-16,Taluka-30,Village-139,35.697841,84.33354,ONGOING,2021-08-13,2023-08-02,,2021-22,33428436.55,26680220.72,23240811.5,26,35919,Children,2026-09-21,SRC-8480,2,2,288,In Progress
PRJ-00289,Andaman and Nicobar Islands POSHAN Impl. Phase 3,POSHAN-AND-455,Department of Women and Child Development,Ministry of Women and Child Development,Poshan Abhiyaan,POSHAN,Andaman and Nicobar Islands,Andaman and Nicobar Islands Dist-16,Taluka-35,Village-59,31.897467,81.293019,PLANNED,2022-09-19,2025-01-01,,2022-23,641330607.47,0.0,0.0,0,96387,SC/ST,2026-09-18,SRC-3551,4,4,289,Planned
PRJ-00290,Andaman and Nicobar Islands PM-JAY Impl. Phase 4,PM-JAY-AND-873,Department of Health and Family Welfare,Ministry of Health and Family Welfare,Ayushman Bharat,PM-JAY,Andaman and Nicobar Islands,Andaman and Nicobar Islands Dist-16,Taluka-20,Village-3,30.763381,91.441996,COMPLETED,2021-04-01,2023-03-17,2023-02-01,2021-22,759501981.5,365913071.82,348901732.42,100,61111,All,2026-09-15,SRC-4089,7,7,290,Completed
PRJ-00291,Andaman and Nicobar Islands NHDP Impl. Phase 4,NHDP-AND-948,Department of Road Transport and Highways,Ministry of Road Transport and Highways,National Highways Development Project,NHDP,Andaman and Nicobar Islands,Andaman and Nicobar Islands Dist-13,Taluka-15,Village-68,10.712924,86.521706,PLANNED,2022-05-10,2023-07-19,,2022-23,167453147.85,0.0,0.0,0,135926,BPL Families,2026-09-18,SRC-5664,2,2,291,Planned
PRJ-00292,Andaman and Nicobar Islands POSHAN Impl. Phase 4,POSHAN-AND-378,Department of Women and Child Development,Ministry of Women and Child Development,Poshan Abhiyaan,POSHAN,Andaman and Nicobar Islands,Andaman and Nicobar Islands Dist-23,Taluka-40,Village-126,13.883452,69.252769,DELAYED,2022-05-28,2023-06-04,,2022-23,186495143.11,107002927.32,74557105.23,13,13510,BPL Families,2026-09-26,SRC-4046,4,4,292,Delayed
PRJ-00293,Andaman and Nicobar Islands PMAY-G Impl. Phase 4,PMAY-G-AND-322,Department of Rural Development,Ministry of Rural Development,Pradhan Mantri Awas Yojana - Gramin,PMAY-G,Andaman and Nicobar Islands,Andaman and Nicobar Islands Dist-11,Taluka-27,Village-80,31.34318,82.904279,DELAYED,2022-01-01,2022-11-05,,2022-23,728471535.1,393146106.54,124836973.16,61,97859,SC/ST,2026-09-25,SRC-6410,1,1,293,Delayed
PRJ-00294,Chandigarh PMK Impl. Phase 3,PMK-CHA-936,Department of Agriculture,Ministry of Agriculture,PM-KISAN,PMK,Chandigarh,Chandigarh Dist-13,Taluka-1,Village-32,36.858276,89.068452,ONGOING,2021-05-28,2022-08-23,,2021-22,76027771.28,51857635.47,18145504.63,55,101372,SC/ST,2026-09-19,SRC-1549,3,3,294,In Progress
PRJ-00295,Chandigarh JJM Impl. Phase 2,JJM-CHA-584,Department of Drinking Water and Sanitation,Ministry of Jal Shakti,Jal Jeevan Mission,JJM,Chandigarh,Chandigarh Dist-13,Taluka-44,Village-80,35.737485,73.220426,PLANNED,2023-04-23,2025-12-17,,2023-24,98490502.45,0.0,0.0,0,11558,Children,2026-09-23,SRC-5150,5,5,295,Planned
PRJ-00296,Chandigarh NHDP Impl. Phase 4,NHDP-CHA-432,Department of Road Transport and Highways,Ministry of Road Transport and Highways,National Highways Development Project,NHDP,Chandigarh,Chandigarh Dist-1,Taluka-11,Village-71,25.473148,79.980537,DELAYED,2021-10-21,2023-04-23,,2021-22,864339377.42,458681526.73,132138899.89,11,64224,All,2026-09-25,SRC-8786,2,2,296,Delayed
PRJ-00297,Chandigarh POSHAN Impl. Phase 3,POSHAN-CHA-877,Department of Women and Child Development,Ministry of Women and Child Development,Poshan Abhiyaan,POSHAN,Chandigarh,Chandigarh Dist-21,Taluka-4,Village-16,18.781116,73.086675,ONGOING,2022-04-16,2024-12-10,,2022-23,252478645.12,176722812.42,129897774.44,16,141101,All,2026-09-22,SRC-8992,4,4,297,In Progress
PRJ-00298,Chandigarh JJM Impl. Phase 2,JJM-CHA-121,Department of Drinking Water and Sanitation,Ministry of Jal Shakti,Jal Jeevan Mission,JJM,Chandigarh,Chandigarh Dist-23,Taluka-25,Village-92,29.552455,75.844843,DELAYED,2022-10-24,2025-07-07,,2022-23,757914035.59,669477007.6,362990929.28,87,10851,SC/ST,2026-09-12,SRC-5828,5,5,298,Delayed
PRJ-00299,Chandigarh PM-POSHAN Impl. Phase 3,PM-POSHAN-CHA-431,Department of School Education and Literacy,Ministry of Education,PM-POSHAN,PM-POSHAN,Chandigarh,Chandigarh Dist-24,Taluka-30,Village-71,33.735726,85.762378,PLANNED,2021-10-12,2023-11-11,,2021-22,190693595.3,0.0,0.0,0,145864,Women,2026-09-24,SRC-9702,6,6,299,Planned
PRJ-00300,Dadra and Nagar Haveli and Daman and Diu NHDP Impl. Phase 4,NHDP-DAD-851,Department of Road Transport and Highways,Ministry of Road Transport and Highways,National Highways Development Project,NHDP,Dadra and Nagar Haveli and Daman and Diu,Dadra and Nagar Haveli and Daman and Diu Dist-6,Taluka-2,Village-159,33.419415,90.816472,DELAYED,2023-07-19,2024-10-10,,2023-24,370277143.47,148270779.06,103442640.46,74,63096,Farmers,2026-09-24,SRC-9830,2,2,300,Delayed
PRJ-00301,Dadra and Nagar Haveli and Daman and Diu PMK Impl. Phase 2,PMK-DAD-727,Department of Agriculture,Ministry of Agriculture,PM-KISAN,PMK,Dadra and Nagar Haveli and Daman and Diu,Dadra and Nagar Haveli and Daman and Diu Dist-10,Taluka-21,Village-105,27.114395,71.848228,PLANNED,2021-10-12,2023-09-28,,2021-22,684808061.64,0.0,0.0,0,137653,Children,2026-09-24,SRC-1717,3,3,301,Planned
PRJ-00302,Dadra and Nagar Haveli and Daman and Diu PMK Impl. Phase 4,PMK-DAD-773,Department of Agriculture,Ministry of Agriculture,PM-KISAN,PMK,Dadra and Nagar Haveli and Daman and Diu,Dadra and Nagar Haveli and Daman and Diu Dist-16,Taluka-34,Village-160,28.878369,75.994248,ONGOING,2021-09-30,2022-04-30,,2021-22,111519892.65,57429397.35,12911126.47,30,96537,Women,2026-09-24,SRC-1214,3,3,302,In Progress
PRJ-00303,Dadra and Nagar Haveli and Daman and Diu JJM Impl. Phase 1,JJM-DAD-469,Department of Drinking Water and Sanitation,Ministry of Jal Shakti,Jal Jeevan Mission,JJM,Dadra and Nagar Haveli and Daman and Diu,Dadra and Nagar Haveli and Daman and Diu Dist-18,Taluka-48,Village-107,32.403174,91.336113,PLANNED,2023-11-07,2024-07-25,,2023-24,470718847.71,0.0,0.0,0,15783,BPL Families,2026-09-18,SRC-9667,5,5,303,Planned
PRJ-00304,Dadra and Nagar Haveli and Daman and Diu PMAY-G Impl. Phase 4,PMAY-G-DAD-294,Department of Rural Development,Ministry of Rural Development,Pradhan Mantri Awas Yojana - Gramin,PMAY-G,Dadra and Nagar Haveli and Daman and Diu,Dadra and Nagar Haveli and Daman and Diu Dist-7,Taluka-34,Village-169,15.66388,86.521764,COMPLETED,2023-08-03,2024-12-06,2025-01-26,2023-24,944880464.6,922535976.03,897182098.11,100,47397,BPL Families,2026-09-13,SRC-2728,1,1,304,Completed
PRJ-00305,Dadra and Nagar Haveli and Daman and Diu PMK Impl. Phase 2,PMK-DAD-663,Department of Agriculture,Ministry of Agriculture,PM-KISAN,PMK,Dadra and Nagar Haveli and Daman and Diu,Dadra and Nagar Haveli and Daman and Diu Dist-13,Taluka-33,Village-87,27.599931,83.916164,DELAYED,2023-02-20,2024-11-30,,2023-24,666916143.0,620028211.17,204678299.45,94,116632,Farmers,2026-09-16,SRC-6319,3,3,305,Delayed
PRJ-00306,Dadra and Nagar Haveli and Daman and Diu PMK Impl. Phase 2,PMK-DAD-484,Department of Agriculture,Ministry of Agriculture,PM-KISAN,PMK,Dadra and Nagar Haveli and Daman and Diu,Dadra and Nagar Haveli and Daman and Diu Dist-25,Taluka-36,Village-191,15.819403,96.107076,DELAYED,2022-05-28,2025-01-14,,2022-23,433435132.37,362143986.27,244288726.95,86,117809,SC/ST,2026-09-26,SRC-1567,3,3,306,Delayed
PRJ-00307,Delhi PM-POSHAN Impl. Phase 1,PM-POSHAN-DEL-890,Department of School Education and Literacy,Ministry of Education,PM-POSHAN,PM-POSHAN,Delhi,Delhi Dist-23,Taluka-18,Village-142,23.329127,84.964044,COMPLETED,2022-09-13,2023-07-28,2023-06-05,2022-23,305332445.66,177154000.09,174598029.71,100,41057,All,2026-09-25,SRC-8542,6,6,307,Completed
PRJ-00308,Delhi PM-JAY Impl. Phase 3,PM-JAY-DEL-194,Department of Health and Family Welfare,Ministry of Health and Family Welfare,Ayushman Bharat,PM-JAY,Delhi,Delhi Dist-19,Taluka-26,Village-146,35.202149,89.62658,ONGOING,2021-08-20,2022-11-14,,2021-22,890177225.73,489521046.68,195744875.9,51,85616,SC/ST,2026-09-21,SRC-8999,7,7,308,In Progress
PRJ-00309,Delhi PMK Impl. Phase 3,PMK-DEL-456,Department of Agriculture,Ministry of Agriculture,PM-KISAN,PMK,Delhi,Delhi Dist-14,Taluka-27,Village-31,33.797766,75.161454,COMPLETED,2022-12-01,2025-03-17,2025-04-08,2022-23,42184738.2,37333691.71,36512805.62,100,3497,Children,2026-09-14,SRC-1886,3,3,309,Completed
PRJ-00310,Delhi PM-JAY Impl. Phase 4,PM-JAY-DEL-556,Department of Health and Family Welfare,Ministry of Health and Family Welfare,Ayushman Bharat,PM-JAY,Delhi,Delhi Dist-25,Taluka-39,Village-148,23.138097,75.02944,COMPLETED,2022-02-21,2024-02-23,2024-02-11,2022-23,153832119.07,107904150.24,97658864.98,100,76464,SC/ST,2026-09-22,SRC-3165,7,7,310,Completed
PRJ-00311,Delhi PM-JAY Impl. Phase 2,PM-JAY-DEL-880,Department of Health and Family Welfare,Ministry of Health and Family Welfare,Ayushman Bharat,PM-JAY,Delhi,Delhi Dist-5,Taluka-31,Village-144,14.184769,79.966586,COMPLETED,2022-08-01,2024-09-04,2024-07-31,2022-23,54064542.58,34575074.04,32852623.77,100,51906,BPL Families,2026-09-19,SRC-4970,7,7,311,Completed
PRJ-00312,Delhi PMAY-G Impl. Phase 4,PMAY-G-DEL-533,Department of Rural Development,Ministry of Rural Development,Pradhan Mantri Awas Yojana - Gramin,PMAY-G,Delhi,Delhi Dist-12,Taluka-23,Village-49,17.76556,85.625499,DELAYED,2023-06-05,2025-02-14,,2023-24,686314282.49,511723438.91,147260342.55,46,6845,Farmers,2026-09-21,SRC-6729,1,1,312,Delayed
PRJ-00313,Delhi PM-POSHAN Impl. Phase 2,PM-POSHAN-DEL-304,Department of School Education and Literacy,Ministry of Education,PM-POSHAN,PM-POSHAN,Delhi,Delhi Dist-22,Taluka-24,Village-40,30.525826,93.003778,PLANNED,2022-12-30,2023-11-24,,2022-23,443261106.94,0.0,0.0,0,29957,Children,2026-09-25,SRC-4982,6,6,313,Planned
PRJ-00314,Delhi PM-POSHAN Impl. Phase 4,PM-POSHAN-DEL-123,Department of School Education and Literacy,Ministry of Education,PM-POSHAN,PM-POSHAN,Delhi,Delhi Dist-11,Taluka-14,Village-190,24.109759,74.508339,ONGOING,2023-09-07,2024-12-24,,2023-24,346555015.56,305858527.84,133963612.5,6,137671,Farmers,2026-09-11,SRC-3315,6,6,314,In Progress
PRJ-00315,Delhi POSHAN Impl. Phase 3,POSHAN-DEL-154,Department of Women and Child Development,Ministry of Women and Child Development,Poshan Abhiyaan,POSHAN,Delhi,Delhi Dist-15,Taluka-42,Village-3,10.344656,87.520626,COMPLETED,2022-04-21,2024-06-05,2024-04-11,2022-23,665210700.29,283439098.11,263145242.49,100,94929,All,2026-09-26,SRC-5792,4,4,315,Completed
PRJ-00316,Jammu and Kashmir NHDP Impl. Phase 1,NHDP-JAM-290,Department of Road Transport and Highways,Ministry of Road Transport and Highways,National Highways Development Project,NHDP,Jammu and Kashmir,Jammu and Kashmir Dist-7,Taluka-33,Village-118,24.772076,89.005372,ONGOING,2022-04-25,2024-03-25,,2022-23,104105693.28,61346734.74,53744815.55,95,10920,Women,2026-09-17,SRC-6465,2,2,316,In Progress
PRJ-00317,Jammu and Kashmir NHDP Impl. Phase 3,NHDP-JAM-463,Department of Road Transport and Highways,Ministry of Road Transport and Highways,National Highways Development Project,NHDP,Jammu and Kashmir,Jammu and Kashmir Dist-21,Taluka-20,Village-61,37.483037,96.589753,PLANNED,2023-05-03,2024-04-07,,2023-24,23280364.24,0.0,0.0,0,72819,All,2026-09-18,SRC-7343,2,2,317,Planned
PRJ-00318,Jammu and Kashmir PMK Impl. Phase 4,PMK-JAM-633,Department of Agriculture,Ministry of Agriculture,PM-KISAN,PMK,Jammu and Kashmir,Jammu and Kashmir Dist-22,Taluka-40,Village-161,28.446481,80.594,COMPLETED,2023-11-23,2025-12-10,2026-01-04,2023-24,229454784.14,138836594.41,126858615.45,100,40542,SC/ST,2026-09-17,SRC-6395,3,3,318,Completed
PRJ-00319,Jammu and Kashmir NHDP Impl. Phase 2,NHDP-JAM-416,Department of Road Transport and Highways,Ministry of Road Transport and Highways,National Highways Development Project,NHDP,Jammu and Kashmir,Jammu and Kashmir Dist-23,Taluka-46,Village-135,34.959231,80.956832,ONGOING,2021-10-29,2024-02-24,,2021-22,583125547.16,472581960.05,169090761.95,22,38550,Children,2026-09-21,SRC-6201,2,2,319,In Progress
PRJ-00320,Jammu and Kashmir PMAY-G Impl. Phase 4,PMAY-G-JAM-521,Department of Rural Development,Ministry of Rural Development,Pradhan Mantri Awas Yojana - Gramin,PMAY-G,Jammu and Kashmir,Jammu and Kashmir Dist-10,Taluka-29,Village-191,35.666041,94.182708,COMPLETED,2021-10-06,2023-02-23,2023-01-07,2021-22,880239931.01,736098635.32,727275160.85,100,72274,Women,2026-09-20,SRC-2749,1,1,320,Completed
PRJ-00321,Jammu and Kashmir JJM Impl. Phase 2,JJM-JAM-336,Department of Drinking Water and Sanitation,Ministry of Jal Shakti,Jal Jeevan Mission,JJM,Jammu and Kashmir,Jammu and Kashmir Dist-22,Taluka-2,Village-92,10.720683,90.925048,ONGOING,2021-04-27,2023-12-13,,2021-22,618861772.98,472415998.13,320129099.77,83,35650,BPL Families,2026-09-11,SRC-7126,5,5,321,In Progress
PRJ-00322,Jammu and Kashmir JJM Impl. Phase 2,JJM-JAM-331,Department of Drinking Water and Sanitation,Ministry of Jal Shakti,Jal Jeevan Mission,JJM,Jammu and Kashmir,Jammu and Kashmir Dist-2,Taluka-27,Village-196,36.6894,95.0749,PLANNED,2022-08-17,2024-06-12,,2022-23,141825158.73,0.0,0.0,0,108777,Women,2026-09-20,SRC-4351,5,5,322,Planned
PRJ-00323,Jammu and Kashmir PMAY-G Impl. Phase 2,PMAY-G-JAM-537,Department of Rural Development,Ministry of Rural Development,Pradhan Mantri Awas Yojana - Gramin,PMAY-G,Jammu and Kashmir,Jammu and Kashmir Dist-13,Taluka-50,Village-11,26.151555,92.193363,ONGOING,2023-11-06,2025-07-27,,2023-24,492493184.02,293002602.64,163168767.55,83,82524,SC/ST,2026-09-25,SRC-9530,1,1,323,In Progress
PRJ-00324,Jammu and Kashmir PMAY-G Impl. Phase 2,PMAY-G-JAM-631,Department of Rural Development,Ministry of Rural Development,Pradhan Mantri Awas Yojana - Gramin,PMAY-G,Jammu and Kashmir,Jammu and Kashmir Dist-18,Taluka-26,Village-189,9.546147,79.740839,PLANNED,2022-07-12,2023-02-20,,2022-23,878391038.56,0.0,0.0,0,13422,Women,2026-09-17,SRC-8201,1,1,324,Planned
PRJ-00325,Jammu and Kashmir NHDP Impl. Phase 2,NHDP-JAM-574,Department of Road Transport and Highways,Ministry of Road Transport and Highways,National Highways Development Project,NHDP,Jammu and Kashmir,Jammu and Kashmir Dist-21,Taluka-29,Village-24,29.501286,71.92539,DELAYED,2023-06-02,2024-09-16,,2023-24,170654168.69,98408039.56,90224978.03,64,143737,Women,2026-09-14,SRC-7775,2,2,325,Delayed
PRJ-00326,Jammu and Kashmir PM-JAY Impl. Phase 2,PM-JAY-JAM-565,Department of Health and Family Welfare,Ministry of Health and Family Welfare,Ayushman Bharat,PM-JAY,Jammu and Kashmir,Jammu and Kashmir Dist-3,Taluka-17,Village-83,28.598149,94.55413,PLANNED,2021-04-26,2022-04-24,,2021-22,456412332.08,0.0,0.0,0,43490,Children,2026-09-23,SRC-2494,7,7,326,Planned
PRJ-00327,Jammu and Kashmir PMAY-G Impl. Phase 4,PMAY-G-JAM-844,Department of Rural Development,Ministry of Rural Development,Pradhan Mantri Awas Yojana - Gramin,PMAY-G,Jammu and Kashmir,Jammu and Kashmir Dist-17,Taluka-40,Village-41,19.457416,79.5473,PLANNED,2023-01-10,2024-07-14,,2023-24,89880011.31,0.0,0.0,0,45296,Farmers,2026-09-22,SRC-3656,1,1,327,Planned
PRJ-00328,Jammu and Kashmir PMK Impl. Phase 4,PMK-JAM-395,Department of Agriculture,Ministry of Agriculture,PM-KISAN,PMK,Jammu and Kashmir,Jammu and Kashmir Dist-21,Taluka-12,Village-31,34.637424,96.072366,ONGOING,2021-10-01,2024-05-25,,2021-22,422483782.78,247453391.82,197846838.32,11,1426,BPL Families,2026-09-18,SRC-1200,3,3,328,In Progress
PRJ-00329,Jammu and Kashmir NHDP Impl. Phase 1,NHDP-JAM-722,Department of Road Transport and Highways,Ministry of Road Transport and Highways,National Highways Development Project,NHDP,Jammu and Kashmir,Jammu and Kashmir Dist-16,Taluka-16,Village-56,25.59478,82.257792,PLANNED,2023-08-24,2025-07-14,,2023-24,545783653.81,0.0,0.0,0,108018,SC/ST,2026-09-24,SRC-1107,2,2,329,Planned
PRJ-00330,Jammu and Kashmir JJM Impl. Phase 1,JJM-JAM-768,Department of Drinking Water and Sanitation,Ministry of Jal Shakti,Jal Jeevan Mission,JJM,Jammu and Kashmir,Jammu and Kashmir Dist-12,Taluka-3,Village-38,33.331815,87.709401,DELAYED,2022-12-26,2025-03-28,,2022-23,821020784.35,430693185.34,148233908.96,76,78734,Farmers,2026-09-24,SRC-1803,5,5,330,Delayed
PRJ-00331,Ladakh NHDP Impl. Phase 2,NHDP-LAD-566,Department of Road Transport and Highways,Ministry of Road Transport and Highways,National Highways Development Project,NHDP,Ladakh,Ladakh Dist-24,Taluka-38,Village-93,35.599211,71.354099,ONGOING,2021-09-13,2024-01-29,,2021-22,613034307.27,499566666.0,331750138.03,41,78958,Farmers,2026-09-15,SRC-7208,2,2,331,In Progress
PRJ-00332,Ladakh PMK Impl. Phase 3,PMK-LAD-437,Department of Agriculture,Ministry of Agriculture,PM-KISAN,PMK,Ladakh,Ladakh Dist-17,Taluka-27,Village-135,14.527485,74.657953,COMPLETED,2023-05-17,2025-01-23,2024-12-07,2023-24,552718727.4,318199965.76,308482757.34,100,15752,All,2026-09-24,SRC-8924,3,3,332,Completed
PRJ-00333,Ladakh POSHAN Impl. Phase 2,POSHAN-LAD-729,Department of Women and Child Development,Ministry of Women and Child Development,Poshan Abhiyaan,POSHAN,Ladakh,Ladakh Dist-19,Taluka-32,Village-134,29.692195,82.885622,DELAYED,2022-06-12,2024-08-23,,2022-23,263361739.09,196227042.92,134637346.2,45,47661,BPL Families,2026-09-19,SRC-5759,4,4,333,Delayed
PRJ-00334,Ladakh JJM Impl. Phase 4,JJM-LAD-523,Department of Drinking Water and Sanitation,Ministry of Jal Shakti,Jal Jeevan Mission,JJM,Ladakh,Ladakh Dist-2,Taluka-22,Village-90,24.764133,86.868851,COMPLETED,2021-07-31,2022-02-20,2022-02-21,2021-22,627333438.68,295320625.41,289401347.3,100,3461,Children,2026-09-20,SRC-5614,5,5,334,Completed
PRJ-00335,Ladakh PM-JAY Impl. Phase 4,PM-JAY-LAD-841,Department of Health and Family Welfare,Ministry of Health and Family Welfare,Ayushman Bharat,PM-JAY,Ladakh,Ladakh Dist-19,Taluka-40,Village-8,32.695649,74.229444,COMPLETED,2022-02-10,2023-06-12,2023-06-08,2022-23,552243631.39,475050773.93,443378326.04,100,89088,Children,2026-09-11,SRC-8774,7,7,335,Completed
PRJ-00336,Ladakh PMK Impl. Phase 4,PMK-LAD-902,Department of Agriculture,Ministry of Agriculture,PM-KISAN,PMK,Ladakh,Ladakh Dist-14,Taluka-48,Village-15,32.785087,77.231297,COMPLETED,2023-01-22,2023-12-07,2023-12-06,2023-24,159609357.22,107955102.53,106831598.68,100,83207,BPL Families,2026-09-26,SRC-4412,3,3,336,Completed
PRJ-00337,Lakshadweep POSHAN Impl. Phase 3,POSHAN-LAK-484,Department of Women and Child Development,Ministry of Women and Child Development,Poshan Abhiyaan,POSHAN,Lakshadweep,Lakshadweep Dist-21,Taluka-35,Village-43,25.072664,79.802639,DELAYED,2023-06-28,2026-03-18,,2023-24,70881976.11,34702606.52,29697676.53,50,31130,Farmers,2026-09-16,SRC-1518,4,4,337,Delayed
PRJ-00338,Lakshadweep PM-JAY Impl. Phase 3,PM-JAY-LAK-562,Department of Health and Family Welfare,Ministry of Health and Family Welfare,Ayushman Bharat,PM-JAY,Lakshadweep,Lakshadweep Dist-10,Taluka-14,Village-135,17.227694,71.898591,PLANNED,2021-06-28,2023-05-17,,2021-22,877663488.96,0.0,0.0,0,10302,Women,2026-09-24,SRC-8270,7,7,338,Planned
PRJ-00339,Lakshadweep PM-POSHAN Impl. Phase 3,PM-POSHAN-LAK-894,Department of School Education and Literacy,Ministry of Education,PM-POSHAN,PM-POSHAN,Lakshadweep,Lakshadweep Dist-11,Taluka-10,Village-197,33.85653,92.130948,COMPLETED,2023-06-28,2025-05-02,2025-03-08,2023-24,502554036.89,258376602.92,251463506.09,100,135804,Children,2026-09-22,SRC-4361,6,6,339,Completed
PRJ-00340,Lakshadweep POSHAN Impl. Phase 1,POSHAN-LAK-441,Department of Women and Child Development,Ministry of Women and Child Development,Poshan Abhiyaan,POSHAN,Lakshadweep,Lakshadweep Dist-15,Taluka-3,Village-27,23.600869,87.481052,COMPLETED,2022-07-15,2024-02-11,2024-01-11,2022-23,865486151.43,406347126.16,367501558.46,100,82414,All,2026-09-17,SRC-4438,4,4,340,Completed
PRJ-00341,Lakshadweep PM-JAY Impl. Phase 3,PM-JAY-LAK-252,Department of Health and Family Welfare,Ministry of Health and Family Welfare,Ayushman Bharat,PM-JAY,Lakshadweep,Lakshadweep Dist-6,Taluka-18,Village-30,8.845496,86.453931,ONGOING,2021-10-15,2023-01-31,,2021-22,534614426.74,461731649.34,334052114.3,40,135257,All,2026-09-20,SRC-9888,7,7,341,In Progress
PRJ-00342,Lakshadweep PM-JAY Impl. Phase 3,PM-JAY-LAK-727,Department of Health and Family Welfare,Ministry of Health and Family Welfare,Ayushman Bharat,PM-JAY,Lakshadweep,Lakshadweep Dist-11,Taluka-35,Village-114,9.881205,69.526292,DELAYED,2022-01-03,2022-11-23,,2022-23,804982824.26,599269274.82,199912922.63,95,13726,All,2026-09-14,SRC-1881,7,7,342,Delayed
PRJ-00343,Lakshadweep PMAY-G Impl. Phase 4,PMAY-G-LAK-731,Department of Rural Development,Ministry of Rural Development,Pradhan Mantri Awas Yojana - Gramin,PMAY-G,Lakshadweep,Lakshadweep Dist-12,Taluka-20,Village-86,32.269306,89.017613,PLANNED,2022-05-07,2023-05-05,,2022-23,706154205.71,0.0,0.0,0,140349,All,2026-09-12,SRC-3159,1,1,343,Planned
PRJ-00344,Lakshadweep PMAY-G Impl. Phase 4,PMAY-G-LAK-581,Department of Rural Development,Ministry of Rural Development,Pradhan Mantri Awas Yojana - Gramin,PMAY-G,Lakshadweep,Lakshadweep Dist-8,Taluka-15,Village-37,33.544011,86.282849,PLANNED,2021-07-09,2023-04-16,,2021-22,313839726.08,0.0,0.0,0,95776,SC/ST,2026-09-21,SRC-6412,1,1,344,Planned
PRJ-00345,Lakshadweep PMK Impl. Phase 2,PMK-LAK-389,Department of Agriculture,Ministry of Agriculture,PM-KISAN,PMK,Lakshadweep,Lakshadweep Dist-25,Taluka-23,Village-155,25.180605,83.176565,DELAYED,2022-07-09,2024-05-18,,2022-23,70038372.82,32759204.61,18782444.98,8,106848,Children,2026-09-23,SRC-6339,3,3,345,Delayed
PRJ-00346,Lakshadweep PM-POSHAN Impl. Phase 2,PM-POSHAN-LAK-593,Department of School Education and Literacy,Ministry of Education,PM-POSHAN,PM-POSHAN,Lakshadweep,Lakshadweep Dist-13,Taluka-5,Village-88,14.480554,88.480706,COMPLETED,2023-06-21,2024-10-22,2024-10-14,2023-24,463669978.48,349756268.0,323303888.81,100,113522,SC/ST,2026-09-16,SRC-9921,6,6,346,Completed
PRJ-00347,Lakshadweep POSHAN Impl. Phase 4,POSHAN-LAK-217,Department of Women and Child Development,Ministry of Women and Child Development,Poshan Abhiyaan,POSHAN,Lakshadweep,Lakshadweep Dist-19,Taluka-39,Village-119,17.90104,71.483136,ONGOING,2021-09-25,2024-01-31,,2021-22,82504930.58,79082457.37,51234903.88,90,117210,Women,2026-09-17,SRC-7648,4,4,347,In Progress
PRJ-00348,Lakshadweep PMAY-G Impl. Phase 2,PMAY-G-LAK-936,Department of Rural Development,Ministry of Rural Development,Pradhan Mantri Awas Yojana - Gramin,PMAY-G,Lakshadweep,Lakshadweep Dist-5,Taluka-38,Village-194,26.975078,68.705254,COMPLETED,2023-03-03,2025-05-01,2025-03-24,2023-24,820766400.11,489541970.99,443597586.68,100,38963,Children,2026-09-22,SRC-8421,1,1,348,Completed
PRJ-00349,Lakshadweep PM-POSHAN Impl. Phase 3,PM-POSHAN-LAK-683,Department of School Education and Literacy,Ministry of Education,PM-POSHAN,PM-POSHAN,Lakshadweep,Lakshadweep Dist-22,Taluka-20,Village-112,29.359504,94.780861,DELAYED,2022-05-05,2024-07-23,,2022-23,449923969.77,235488860.12,208264411.0,78,23906,BPL Families,2026-09-26,SRC-9362,6,6,349,Delayed
PRJ-00350,Lakshadweep NHDP Impl. Phase 3,NHDP-LAK-212,Department of Road Transport and Highways,Ministry of Road Transport and Highways,National Highways Development Project,NHDP,Lakshadweep,Lakshadweep Dist-10,Taluka-2,Village-61,21.006093,85.51967,ONGOING,2023-08-21,2024-12-14,,2023-24,372376779.11,271585959.21,65571524.62,12,83895,Children,2026-09-14,SRC-7652,2,2,350,In Progress
PRJ-00351,Puducherry NHDP Impl. Phase 3,NHDP-PUD-960,Department of Road Transport and Highways,Ministry of Road Transport and Highways,National Highways Development Project,NHDP,Puducherry,Puducherry Dist-14,Taluka-10,Village-74,37.525716,87.796883,ONGOING,2023-02-08,2024-01-31,,2023-24,143373521.36,105129057.1,90179240.84,65,35700,All,2026-09-24,SRC-1257,2,2,351,In Progress
PRJ-00352,Puducherry JJM Impl. Phase 2,JJM-PUD-186,Department of Drinking Water and Sanitation,Ministry of Jal Shakti,Jal Jeevan Mission,JJM,Puducherry,Puducherry Dist-5,Taluka-42,Village-107,33.516461,94.1671,PLANNED,2023-02-03,2024-10-22,,2023-24,975100151.94,0.0,0.0,0,112095,BPL Families,2026-09-21,SRC-8444,5,5,352,Planned
PRJ-00353,Puducherry PM-POSHAN Impl. Phase 2,PM-POSHAN-PUD-290,Department of School Education and Literacy,Ministry of Education,PM-POSHAN,PM-POSHAN,Puducherry,Puducherry Dist-14,Taluka-39,Village-2,25.275804,92.833911,PLANNED,2022-10-18,2024-07-19,,2022-23,387791144.24,0.0,0.0,0,62562,Children,2026-09-18,SRC-7731,6,6,353,Planned
PRJ-00354,Puducherry PM-POSHAN Impl. Phase 1,PM-POSHAN-PUD-245,Department of School Education and Literacy,Ministry of Education,PM-POSHAN,PM-POSHAN,Puducherry,Puducherry Dist-24,Taluka-47,Village-135,37.12051,96.734549,DELAYED,2021-05-05,2021-12-09,,2021-22,485851791.44,301785460.07,196948103.34,77,73748,SC/ST,2026-09-24,SRC-9574,6,6,354,Delayed
PRJ-00355,Puducherry PM-POSHAN Impl. Phase 3,PM-POSHAN-PUD-727,Department of School Education and Literacy,Ministry of Education,PM-POSHAN,PM-POSHAN,Puducherry,Puducherry Dist-2,Taluka-22,Village-137,31.132992,82.062761,COMPLETED,2021-12-08,2023-10-02,2023-09-12,2021-22,742977680.12,725329455.03,698759742.33,100,134891,SC/ST,2026-09-16,SRC-7897,6,6,355,Completed
PRJ-00356,Puducherry PM-JAY Impl. Phase 3,PM-JAY-PUD-162,Department of Health and Family Welfare,Ministry of Health and Family Welfare,Ayushman Bharat,PM-JAY,Puducherry,Puducherry Dist-21,Taluka-31,Village-149,13.337114,70.171167,DELAYED,2022-01-22,2023-01-08,,2022-23,696575907.05,528409883.0,231007726.77,9,76981,Children,2026-09-26,SRC-5699,7,7,356,Delayed
PRJ-00357,Puducherry NHDP Impl. Phase 3,NHDP-PUD-114,Department of Road Transport and Highways,Ministry of Road Transport and Highways,National Highways Development Project,NHDP,Puducherry,Puducherry Dist-24,Taluka-8,Village-155,13.498724,85.565449,COMPLETED,2021-08-08,2023-07-06,2023-08-26,2021-22,852188029.77,482942863.21,448217915.8,100,40119,Children,2026-09-12,SRC-7058,2,2,357,Completed
PRJ-00358,Puducherry PMK Impl. Phase 1,PMK-PUD-451,Department of Agriculture,Ministry of Agriculture,PM-KISAN,PMK,Puducherry,Puducherry Dist-3,Taluka-10,Village-153,35.671102,73.093284,ONGOING,2021-12-24,2024-08-31,,2021-22,240014901.4,122044100.63,74613284.93,94,130509,SC/ST,2026-09-14,SRC-4898,3,3,358,In Progress
PRJ-00359,Puducherry POSHAN Impl. Phase 3,POSHAN-PUD-155,Department of Women and Child Development,Ministry of Women and Child Development,Poshan Abhiyaan,POSHAN,Puducherry,Puducherry Dist-21,Taluka-17,Village-194,32.330305,70.196911,PLANNED,2023-04-14,2025-07-24,,2023-24,171446844.6,0.0,0.0,0,122138,SC/ST,2026-09-11,SRC-5937,4,4,359,Planned
PRJ-00360,Puducherry NHDP Impl. Phase 4,NHDP-PUD-112,Department of Road Transport and Highways,Ministry of Road Transport and Highways,National Highways Development Project,NHDP,Puducherry,Puducherry Dist-10,Taluka-29,Village-98,28.212007,96.110238,ONGOING,2022-04-24,2024-09-19,,2022-23,393120134.19,219193994.55,134529188.25,95,11252,All,2026-09-15,SRC-8074,2,2,360,In Progress
PRJ-00361,Puducherry PM-POSHAN Impl. Phase 4,PM-POSHAN-PUD-891,Department of School Education and Literacy,Ministry of Education,PM-POSHAN,PM-POSHAN,Puducherry,Puducherry Dist-22,Taluka-48,Village-62,29.841953,85.478642,DELAYED,2022-03-10,2023-06-09,,2022-23,803304779.1,444393305.86,291369995.21,39,51598,BPL Families,2026-09-16,SRC-3947,6,6,361,Delayed
